,included
0,jntDefLatticeRigEyeLfBtIn
1,jntDefLatticeRigEyeLfBtCt
2,jntDefLatticeRigEyeLfBtOt
3,jntDefLatticeRigEyeLfMdIn
4,jntDefLatticeRigEyeLfMdCt
5,jntDefLatticeRigEyeLfMdOt
6,jntDefLatticeRigEyeLfTpIn
7,jntDefLatticeRigEyeLfTpCt
8,jntDefLatticeRigEyeLfTpOt
9,jntDefLatticeRigEyeRtBtIn
10,jntDefLatticeRigEyeRtBtCt
11,jntDefLatticeRigEyeRtBtOt
12,jntDefLatticeRigEyeRtMdIn
13,jntDefLatticeRigEyeRtMdCt
14,jntDefLatticeRigEyeRtMdOt
15,jntDefLatticeRigEyeRtTpIn
16,jntDefLatticeRigEyeRtTpCt
17,jntDefLatticeRigEyeRtTpOt
18,BrowInRtMover.Contract
19,BrowInLfMover.Contract
20,BrowInRtMover.Forward
21,BrowInLfMover.Forward
22,BrowInRtMover.Rotation
23,BrowInLfMover.Rotation
24,BrowInRtMover.UpDown
25,BrowInLfMover.UpDown
26,BrowMdLfMover.Contract
27,BrowMdRtMover.Contract
28,BrowMdLfMover.Forward
29,BrowMdRtMover.Forward
30,BrowMdLfMover.Rotation
31,BrowMdRtMover.Rotation
32,BrowMdRtMover.UpDown
33,BrowMdLfMover.UpDown
34,BrowOtRtMover.Forward
35,BrowOtLfMover.Forward
36,BrowOtRtMover.Rotation
37,BrowOtLfMover.Rotation
38,BrowOtRtMover.UpDown
39,BrowOtLfMover.UpDown
40,CornerLfMover.Angle
41,CornerRtMover.Angle
42,CornerLfMover.Contract
43,CornerRtMover.Contract
44,CornerLfMover.Curl
45,CornerRtMover.Curl
46,CornerRtMover.angleSharpenBt
47,CornerLfMover.angleSharpenBt
48,CornerLfMover.angleSharpenTp
49,CornerRtMover.angleSharpenTp
50,CornerRtMover.jawLine
51,CornerLfMover.jawLine
52,CornerRtMover.lipClose
53,CornerLfMover.lipClose
54,CornerLfMover.lipCurveTp
55,CornerRtMover.lipCurveTp
56,CornerRtMover.lipRidgeBt
57,CornerLfMover.lipRidgeBt
58,CornerLfMover.lipRidgeTp
59,CornerRtMover.lipRidgeTp
60,CornerLfMover.meatCorner
61,CornerRtMover.meatCorner
62,CornerRtMover.outCorner
63,CornerLfMover.outCorner
64,CornerLfMover.puff
65,CornerRtMover.puff
66,CornerLfMover.removeCorner
67,CornerRtMover.removeCorner
68,CornerLfMover.sneerBtA
69,CornerRtMover.sneerBtA
70,CornerLfMover.sneerBtB
71,CornerRtMover.sneerBtB
72,CornerRtMover.sneerTpA
73,CornerLfMover.sneerTpA
74,CornerLfMover.sneerTpB
75,CornerRtMover.sneerTpB
76,CornerLfMover.zipperClose
77,CornerRtMover.zipperClose
78,EyeLidRtBtMover.ty
79,EyeLidLfBtMover.ty
80,EyeLidRtBtMover.follow
81,EyeLidLfBtMover.follow
82,EyeLidLfBtMover.lidCompress
83,EyeLidRtBtMover.lidCompress
84,EyeLidRtBtMover.puff
85,EyeLidLfBtMover.puff
86,EyeLidLfBtMover.squintIn
87,EyeLidRtBtMover.squintIn
88,EyeLidRtBtMover.squintOt
89,EyeLidLfBtMover.squintOt
90,EyeLidLfTpMover.ty
91,EyeLidRtTpMover.ty
92,EyeLidRtTpMover.follow
93,EyeLidLfTpMover.follow
94,EyeLidRtTpMover.lidCompress
95,EyeLidLfTpMover.lidCompress
96,EyeLidRtTpMover.puff
97,EyeLidLfTpMover.puff
98,EyeLidRtTpMover.squintIn
99,EyeLidLfTpMover.squintIn
100,EyeLidRtTpMover.squintOt
101,EyeLidLfTpMover.squintOt
102,JawMover.rx
103,JawMover.sx
104,JawMover.allBt
105,JawMover.allTp
106,JawMover.autoJawSquash
107,JawMover.centerBt
108,JawMover.centerTp
109,JawMover.flattenBt
110,JawMover.flattenTp
111,JawMover.forwardBt
112,JawMover.forwardTp
113,JawMover.funnelBt
114,JawMover.funnelTp
115,JawMover.jawSquash
116,JawMover.lipRidgeBtCt
117,JawMover.lipRidgeTpCt
118,JawMover.midBt
119,JawMover.midTp
120,JawMover.pressBt
121,JawMover.pressTp
122,JawMover.puckerBt
123,JawMover.puckerTp
124,JawMover.puffBt
125,JawMover.puffTp
126,JawMover.rollBt
127,JawMover.rollTp
128,MouthMover.rx
129,MouthMover.ry
130,MouthMover.rz
131,MouthMover.tx
132,MouthMover.ty
133,MouthMover.tz
134,MuzzleMover.rx
135,MuzzleMover.rz
136,NoseMover.rz
137,NoseNostrilLfMover.rz
138,NoseNostrilRtMover.rz
139,NostrilCornerRtMover.Contract
140,NostrilCornerLfMover.Contract
141,NostrilCornerLfMover.Forward
142,NostrilCornerRtMover.Forward
143,NostrilCornerLfMover.UpDown
144,NostrilCornerRtMover.UpDown
145,NostrilCornerLfMover.flare
146,NostrilCornerRtMover.flare
147,NostrilCornerLfMover.ringInflate
148,NostrilCornerRtMover.ringInflate
149,main.vtx[0]
150,main.vtx[1]
151,main.vtx[2]
152,main.vtx[3]
153,main.vtx[4]
154,main.vtx[5]
155,main.vtx[6]
156,main.vtx[7]
157,main.vtx[8]
158,main.vtx[9]
159,main.vtx[10]
160,main.vtx[11]
161,main.vtx[12]
162,main.vtx[13]
163,main.vtx[14]
164,main.vtx[15]
165,main.vtx[16]
166,main.vtx[17]
167,main.vtx[18]
168,main.vtx[19]
169,main.vtx[20]
170,main.vtx[21]
171,main.vtx[22]
172,main.vtx[23]
173,main.vtx[24]
174,main.vtx[25]
175,main.vtx[825]
176,main.vtx[826]
177,main.vtx[827]
178,main.vtx[828]
179,main.vtx[829]
180,main.vtx[830]
181,main.vtx[831]
182,main.vtx[832]
183,main.vtx[833]
184,main.vtx[834]
185,main.vtx[835]
186,main.vtx[836]
187,main.vtx[837]
188,main.vtx[838]
189,main.vtx[839]
190,main.vtx[840]
191,main.vtx[841]
192,main.vtx[842]
193,main.vtx[843]
194,main.vtx[844]
195,main.vtx[845]
196,main.vtx[846]
197,main.vtx[847]
198,main.vtx[848]
199,main.vtx[849]
200,main.vtx[850]
201,main.vtx[851]
202,main.vtx[852]
203,main.vtx[853]
204,main.vtx[854]
205,main.vtx[855]
206,main.vtx[856]
207,main.vtx[857]
208,main.vtx[858]
209,main.vtx[859]
210,main.vtx[860]
211,main.vtx[861]
212,main.vtx[862]
213,main.vtx[863]
214,main.vtx[864]
215,main.vtx[865]
216,main.vtx[866]
217,main.vtx[867]
218,main.vtx[868]
219,main.vtx[869]
220,main.vtx[870]
221,main.vtx[871]
222,main.vtx[872]
223,main.vtx[873]
224,main.vtx[874]
225,main.vtx[875]
226,main.vtx[876]
227,main.vtx[877]
228,main.vtx[878]
229,main.vtx[879]
230,main.vtx[880]
231,main.vtx[881]
232,main.vtx[882]
233,main.vtx[883]
234,main.vtx[884]
235,main.vtx[885]
236,main.vtx[886]
237,main.vtx[887]
238,main.vtx[888]
239,main.vtx[889]
240,main.vtx[890]
241,main.vtx[891]
242,main.vtx[892]
243,main.vtx[893]
244,main.vtx[894]
245,main.vtx[895]
246,main.vtx[896]
247,main.vtx[897]
248,main.vtx[898]
249,main.vtx[899]
250,main.vtx[900]
251,main.vtx[901]
252,main.vtx[902]
253,main.vtx[903]
254,main.vtx[904]
255,main.vtx[905]
256,main.vtx[906]
257,main.vtx[907]
258,main.vtx[908]
259,main.vtx[909]
260,main.vtx[910]
261,main.vtx[911]
262,main.vtx[912]
263,main.vtx[913]
264,main.vtx[914]
265,main.vtx[915]
266,main.vtx[916]
267,main.vtx[917]
268,main.vtx[918]
269,main.vtx[919]
270,main.vtx[920]
271,main.vtx[921]
272,main.vtx[922]
273,main.vtx[923]
274,main.vtx[924]
275,main.vtx[925]
276,main.vtx[926]
277,main.vtx[927]
278,main.vtx[928]
279,main.vtx[929]
280,main.vtx[930]
281,main.vtx[931]
282,main.vtx[932]
283,main.vtx[933]
284,main.vtx[934]
285,main.vtx[935]
286,main.vtx[936]
287,main.vtx[937]
288,main.vtx[938]
289,main.vtx[939]
290,main.vtx[940]
291,main.vtx[941]
292,main.vtx[942]
293,main.vtx[943]
294,main.vtx[944]
295,main.vtx[945]
296,main.vtx[946]
297,main.vtx[947]
298,main.vtx[948]
299,main.vtx[949]
300,main.vtx[950]
301,main.vtx[951]
302,main.vtx[952]
303,main.vtx[953]
304,main.vtx[954]
305,main.vtx[955]
306,main.vtx[956]
307,main.vtx[957]
308,main.vtx[958]
309,main.vtx[959]
310,main.vtx[960]
311,main.vtx[961]
312,main.vtx[962]
313,main.vtx[963]
314,main.vtx[964]
315,main.vtx[965]
316,main.vtx[966]
317,main.vtx[967]
318,main.vtx[968]
319,main.vtx[969]
320,main.vtx[970]
321,main.vtx[971]
322,main.vtx[972]
323,main.vtx[973]
324,main.vtx[974]
325,main.vtx[975]
326,main.vtx[976]
327,main.vtx[977]
328,main.vtx[978]
329,main.vtx[979]
330,main.vtx[980]
331,main.vtx[981]
332,main.vtx[982]
333,main.vtx[983]
334,main.vtx[984]
335,main.vtx[985]
336,main.vtx[986]
337,main.vtx[987]
338,main.vtx[988]
339,main.vtx[989]
340,main.vtx[990]
341,main.vtx[991]
342,main.vtx[992]
343,main.vtx[993]
344,main.vtx[994]
345,main.vtx[995]
346,main.vtx[996]
347,main.vtx[997]
348,main.vtx[998]
349,main.vtx[999]
350,main.vtx[1000]
351,main.vtx[1001]
352,main.vtx[1002]
353,main.vtx[1003]
354,main.vtx[1004]
355,main.vtx[1005]
356,main.vtx[1006]
357,main.vtx[1007]
358,main.vtx[1008]
359,main.vtx[1009]
360,main.vtx[1010]
361,main.vtx[1011]
362,main.vtx[1012]
363,main.vtx[1013]
364,main.vtx[1014]
365,main.vtx[1015]
366,main.vtx[1016]
367,main.vtx[1017]
368,main.vtx[1018]
369,main.vtx[1019]
370,main.vtx[1020]
371,main.vtx[1021]
372,main.vtx[1022]
373,main.vtx[1023]
374,main.vtx[1024]
375,main.vtx[1025]
376,main.vtx[1026]
377,main.vtx[1027]
378,main.vtx[1028]
379,main.vtx[1029]
380,main.vtx[1030]
381,main.vtx[1031]
382,main.vtx[1032]
383,main.vtx[1033]
384,main.vtx[1034]
385,main.vtx[1035]
386,main.vtx[1036]
387,main.vtx[1037]
388,main.vtx[1038]
389,main.vtx[1039]
390,main.vtx[1040]
391,main.vtx[1041]
392,main.vtx[1042]
393,main.vtx[1043]
394,main.vtx[1044]
395,main.vtx[1045]
396,main.vtx[1046]
397,main.vtx[1047]
398,main.vtx[1048]
399,main.vtx[1049]
400,main.vtx[1050]
401,main.vtx[1051]
402,main.vtx[1052]
403,main.vtx[1053]
404,main.vtx[1054]
405,main.vtx[1055]
406,main.vtx[1056]
407,main.vtx[1057]
408,main.vtx[1058]
409,main.vtx[1059]
410,main.vtx[1060]
411,main.vtx[1061]
412,main.vtx[1062]
413,main.vtx[1063]
414,main.vtx[1064]
415,main.vtx[1065]
416,main.vtx[1066]
417,main.vtx[1067]
418,main.vtx[1068]
419,main.vtx[1069]
420,main.vtx[1070]
421,main.vtx[1071]
422,main.vtx[1072]
423,main.vtx[1073]
424,main.vtx[1074]
425,main.vtx[1075]
426,main.vtx[1076]
427,main.vtx[1077]
428,main.vtx[1078]
429,main.vtx[1079]
430,main.vtx[1080]
431,main.vtx[1081]
432,main.vtx[1082]
433,main.vtx[1083]
434,main.vtx[1084]
435,main.vtx[1085]
436,main.vtx[1086]
437,main.vtx[1087]
438,main.vtx[1088]
439,main.vtx[1089]
440,main.vtx[1090]
441,main.vtx[1091]
442,main.vtx[1092]
443,main.vtx[1093]
444,main.vtx[1094]
445,main.vtx[1095]
446,main.vtx[1096]
447,main.vtx[1097]
448,main.vtx[1098]
449,main.vtx[1099]
450,main.vtx[1100]
451,main.vtx[1101]
452,main.vtx[1102]
453,main.vtx[1103]
454,main.vtx[1104]
455,main.vtx[1105]
456,main.vtx[1106]
457,main.vtx[1107]
458,main.vtx[1108]
459,main.vtx[1109]
460,main.vtx[1110]
461,main.vtx[1111]
462,main.vtx[1112]
463,main.vtx[1113]
464,main.vtx[1114]
465,main.vtx[1115]
466,main.vtx[1116]
467,main.vtx[1117]
468,main.vtx[1118]
469,main.vtx[1119]
470,main.vtx[1120]
471,main.vtx[1121]
472,main.vtx[1122]
473,main.vtx[1123]
474,main.vtx[1124]
475,main.vtx[1125]
476,main.vtx[1126]
477,main.vtx[1127]
478,main.vtx[1128]
479,main.vtx[1129]
480,main.vtx[1130]
481,main.vtx[1131]
482,main.vtx[1132]
483,main.vtx[1133]
484,main.vtx[1134]
485,main.vtx[1135]
486,main.vtx[1136]
487,main.vtx[1137]
488,main.vtx[1138]
489,main.vtx[1139]
490,main.vtx[1140]
491,main.vtx[1141]
492,main.vtx[1142]
493,main.vtx[1143]
494,main.vtx[1144]
495,main.vtx[1145]
496,main.vtx[1146]
497,main.vtx[1147]
498,main.vtx[1148]
499,main.vtx[1149]
500,main.vtx[1150]
501,main.vtx[1151]
502,main.vtx[1152]
503,main.vtx[1153]
504,main.vtx[1154]
505,main.vtx[1155]
506,main.vtx[1156]
507,main.vtx[1157]
508,main.vtx[1158]
509,main.vtx[1159]
510,main.vtx[1160]
511,main.vtx[1161]
512,main.vtx[1162]
513,main.vtx[1163]
514,main.vtx[1164]
515,main.vtx[1165]
516,main.vtx[1166]
517,main.vtx[1167]
518,main.vtx[1168]
519,main.vtx[1169]
520,main.vtx[1170]
521,main.vtx[1171]
522,main.vtx[1172]
523,main.vtx[1173]
524,main.vtx[1174]
525,main.vtx[1175]
526,main.vtx[1176]
527,main.vtx[1177]
528,main.vtx[1178]
529,main.vtx[1179]
530,main.vtx[1180]
531,main.vtx[1181]
532,main.vtx[1182]
533,main.vtx[1183]
534,main.vtx[1184]
535,main.vtx[1185]
536,main.vtx[1186]
537,main.vtx[1187]
538,main.vtx[1188]
539,main.vtx[1189]
540,main.vtx[1190]
541,main.vtx[1191]
542,main.vtx[1192]
543,main.vtx[1193]
544,main.vtx[1194]
545,main.vtx[1195]
546,main.vtx[1196]
547,main.vtx[1197]
548,main.vtx[1198]
549,main.vtx[1199]
550,main.vtx[1200]
551,main.vtx[1201]
552,main.vtx[1202]
553,main.vtx[1203]
554,main.vtx[1204]
555,main.vtx[1205]
556,main.vtx[1206]
557,main.vtx[1207]
558,main.vtx[1208]
559,main.vtx[1209]
560,main.vtx[1210]
561,main.vtx[1211]
562,main.vtx[1212]
563,main.vtx[1213]
564,main.vtx[1214]
565,main.vtx[1215]
566,main.vtx[1216]
567,main.vtx[1217]
568,main.vtx[1218]
569,main.vtx[1219]
570,main.vtx[1220]
571,main.vtx[1221]
572,main.vtx[1222]
573,main.vtx[1223]
574,main.vtx[1224]
575,main.vtx[1225]
576,main.vtx[1226]
577,main.vtx[1227]
578,main.vtx[1228]
579,main.vtx[1229]
580,main.vtx[1230]
581,main.vtx[1231]
582,main.vtx[1232]
583,main.vtx[1233]
584,main.vtx[1234]
585,main.vtx[1235]
586,main.vtx[1236]
587,main.vtx[1237]
588,main.vtx[1238]
589,main.vtx[1239]
590,main.vtx[1240]
591,main.vtx[1241]
592,main.vtx[1242]
593,main.vtx[1243]
594,main.vtx[1244]
595,main.vtx[1245]
596,main.vtx[1246]
597,main.vtx[1247]
598,main.vtx[1248]
599,main.vtx[1249]
600,main.vtx[1250]
601,main.vtx[1251]
602,main.vtx[1252]
603,main.vtx[1253]
604,main.vtx[1254]
605,main.vtx[1255]
606,main.vtx[1256]
607,main.vtx[1257]
608,main.vtx[1258]
609,main.vtx[1259]
610,main.vtx[1260]
611,main.vtx[1261]
612,main.vtx[1262]
613,main.vtx[1263]
614,main.vtx[1264]
615,main.vtx[1265]
616,main.vtx[1266]
617,main.vtx[1267]
618,main.vtx[1268]
619,main.vtx[1269]
620,main.vtx[1270]
621,main.vtx[1271]
622,main.vtx[1272]
623,main.vtx[1273]
624,main.vtx[1274]
625,main.vtx[1275]
626,main.vtx[1276]
627,main.vtx[1277]
628,main.vtx[1278]
629,main.vtx[1279]
630,main.vtx[1280]
631,main.vtx[1281]
632,main.vtx[1282]
633,main.vtx[1283]
634,main.vtx[1284]
635,main.vtx[1285]
636,main.vtx[1286]
637,main.vtx[1287]
638,main.vtx[1288]
639,main.vtx[1289]
640,main.vtx[1290]
641,main.vtx[1291]
642,main.vtx[1292]
643,main.vtx[1293]
644,main.vtx[1294]
645,main.vtx[1295]
646,main.vtx[1296]
647,main.vtx[1297]
648,main.vtx[1298]
649,main.vtx[1299]
650,main.vtx[1300]
651,main.vtx[1301]
652,main.vtx[1302]
653,main.vtx[1303]
654,main.vtx[1304]
655,main.vtx[1305]
656,main.vtx[1306]
657,main.vtx[1307]
658,main.vtx[1308]
659,main.vtx[1309]
660,main.vtx[1310]
661,main.vtx[1311]
662,main.vtx[1312]
663,main.vtx[1313]
664,main.vtx[1314]
665,main.vtx[1315]
666,main.vtx[1316]
667,main.vtx[1317]
668,main.vtx[1318]
669,main.vtx[1319]
670,main.vtx[1320]
671,main.vtx[1321]
672,main.vtx[1322]
673,main.vtx[1323]
674,main.vtx[1324]
675,main.vtx[1325]
676,main.vtx[1326]
677,main.vtx[1327]
678,main.vtx[1328]
679,main.vtx[1329]
680,main.vtx[1330]
681,main.vtx[1331]
682,main.vtx[1332]
683,main.vtx[1333]
684,main.vtx[1334]
685,main.vtx[1335]
686,main.vtx[1336]
687,main.vtx[1337]
688,main.vtx[1338]
689,main.vtx[1339]
690,main.vtx[1340]
691,main.vtx[1341]
692,main.vtx[1342]
693,main.vtx[1343]
694,main.vtx[1344]
695,main.vtx[1345]
696,main.vtx[1346]
697,main.vtx[1347]
698,main.vtx[1348]
699,main.vtx[1349]
700,main.vtx[1350]
701,main.vtx[1351]
702,main.vtx[1352]
703,main.vtx[1353]
704,main.vtx[1354]
705,main.vtx[1355]
706,main.vtx[1356]
707,main.vtx[1357]
708,main.vtx[1358]
709,main.vtx[1359]
710,main.vtx[1360]
711,main.vtx[1361]
712,main.vtx[1362]
713,main.vtx[1363]
714,main.vtx[1364]
715,main.vtx[1365]
716,main.vtx[1366]
717,main.vtx[1367]
718,main.vtx[1368]
719,main.vtx[1369]
720,main.vtx[1370]
721,main.vtx[1371]
722,main.vtx[1372]
723,main.vtx[1373]
724,main.vtx[1374]
725,main.vtx[1375]
726,main.vtx[1376]
727,main.vtx[1377]
728,main.vtx[1378]
729,main.vtx[1379]
730,main.vtx[1380]
731,main.vtx[1381]
732,main.vtx[1382]
733,main.vtx[1383]
734,main.vtx[1384]
735,main.vtx[1385]
736,main.vtx[1386]
737,main.vtx[1387]
738,main.vtx[1388]
739,main.vtx[1389]
740,main.vtx[1390]
741,main.vtx[1391]
742,main.vtx[1392]
743,main.vtx[1393]
744,main.vtx[1394]
745,main.vtx[1395]
746,main.vtx[1396]
747,main.vtx[1397]
748,main.vtx[1398]
749,main.vtx[1399]
750,main.vtx[1400]
751,main.vtx[1401]
752,main.vtx[1402]
753,main.vtx[1403]
754,main.vtx[1404]
755,main.vtx[1405]
756,main.vtx[1406]
757,main.vtx[1407]
758,main.vtx[1408]
759,main.vtx[1409]
760,main.vtx[1410]
761,main.vtx[1411]
762,main.vtx[1412]
763,main.vtx[1413]
764,main.vtx[1414]
765,main.vtx[1415]
766,main.vtx[1416]
767,main.vtx[1417]
768,main.vtx[1418]
769,main.vtx[1419]
770,main.vtx[1420]
771,main.vtx[1421]
772,main.vtx[1422]
773,main.vtx[1423]
774,main.vtx[1424]
775,main.vtx[1425]
776,main.vtx[1426]
777,main.vtx[1427]
778,main.vtx[1428]
779,main.vtx[1429]
780,main.vtx[1430]
781,main.vtx[1431]
782,main.vtx[1432]
783,main.vtx[1433]
784,main.vtx[1434]
785,main.vtx[1435]
786,main.vtx[1436]
787,main.vtx[1437]
788,main.vtx[1438]
789,main.vtx[1439]
790,main.vtx[1440]
791,main.vtx[1441]
792,main.vtx[1442]
793,main.vtx[1443]
794,main.vtx[1444]
795,main.vtx[1445]
796,main.vtx[1446]
797,main.vtx[1447]
798,main.vtx[1448]
799,main.vtx[1449]
800,main.vtx[1450]
801,main.vtx[1451]
802,main.vtx[1452]
803,main.vtx[1453]
804,main.vtx[1454]
805,main.vtx[1455]
806,main.vtx[1456]
807,main.vtx[1457]
808,main.vtx[1458]
809,main.vtx[1459]
810,main.vtx[1460]
811,main.vtx[1461]
812,main.vtx[1462]
813,main.vtx[1463]
814,main.vtx[1464]
815,main.vtx[1465]
816,main.vtx[1466]
817,main.vtx[1467]
818,main.vtx[1468]
819,main.vtx[1469]
820,main.vtx[1470]
821,main.vtx[1471]
822,main.vtx[1472]
823,main.vtx[1473]
824,main.vtx[1606]
825,main.vtx[1607]
826,main.vtx[1608]
827,main.vtx[1609]
828,main.vtx[1610]
829,main.vtx[1611]
830,main.vtx[1612]
831,main.vtx[1613]
832,main.vtx[1614]
833,main.vtx[1615]
834,main.vtx[1616]
835,main.vtx[1617]
836,main.vtx[1618]
837,main.vtx[1619]
838,main.vtx[1620]
839,main.vtx[1621]
840,main.vtx[1622]
841,main.vtx[1623]
842,main.vtx[1628]
843,main.vtx[1629]
844,main.vtx[1630]
845,main.vtx[1631]
846,main.vtx[1667]
847,main.vtx[1668]
848,main.vtx[1669]
849,main.vtx[1670]
850,main.vtx[1671]
851,main.vtx[1672]
852,main.vtx[1673]
853,main.vtx[1674]
854,main.vtx[1675]
855,main.vtx[1676]
856,main.vtx[1677]
857,main.vtx[1678]
858,main.vtx[1679]
859,main.vtx[1680]
860,main.vtx[1681]
861,main.vtx[1682]
862,main.vtx[1683]
863,main.vtx[1684]
864,main.vtx[1685]
865,main.vtx[1686]
866,main.vtx[1687]
867,main.vtx[1688]
868,main.vtx[1689]
869,main.vtx[1690]
870,main.vtx[1691]
871,main.vtx[1692]
872,main.vtx[1693]
873,main.vtx[1694]
874,main.vtx[1695]
875,main.vtx[1696]
876,main.vtx[1697]
877,main.vtx[1698]
878,main.vtx[1699]
879,main.vtx[1700]
880,main.vtx[1701]
881,main.vtx[1702]
882,main.vtx[1703]
883,main.vtx[1704]
884,main.vtx[1705]
885,main.vtx[1706]
886,main.vtx[1707]
887,main.vtx[1708]
888,main.vtx[1709]
889,main.vtx[1710]
890,main.vtx[1711]
891,main.vtx[1712]
892,main.vtx[1713]
893,main.vtx[1714]
894,main.vtx[1715]
895,main.vtx[1716]
896,main.vtx[1717]
897,main.vtx[1718]
898,main.vtx[1719]
899,main.vtx[1720]
900,main.vtx[1721]
901,main.vtx[1722]
902,main.vtx[1723]
903,main.vtx[1724]
904,main.vtx[1725]
905,main.vtx[1726]
906,main.vtx[1727]
907,main.vtx[1728]
908,main.vtx[1729]
909,main.vtx[1730]
910,main.vtx[1731]
911,main.vtx[1732]
912,main.vtx[1733]
913,main.vtx[1734]
914,main.vtx[1735]
915,main.vtx[1736]
916,main.vtx[1737]
917,main.vtx[1738]
918,main.vtx[1739]
919,main.vtx[1740]
920,main.vtx[1741]
921,main.vtx[1742]
922,main.vtx[1743]
923,main.vtx[2257]
924,main.vtx[2258]
925,main.vtx[2293]
926,main.vtx[2294]
927,main.vtx[2295]
928,main.vtx[2296]
929,main.vtx[2297]
930,main.vtx[2298]
931,main.vtx[2299]
932,main.vtx[2300]
933,main.vtx[2301]
934,main.vtx[2302]
935,main.vtx[2303]
936,main.vtx[2304]
937,main.vtx[2305]
938,main.vtx[2306]
939,main.vtx[2307]
940,main.vtx[2308]
941,main.vtx[2309]
942,main.vtx[2310]
943,main.vtx[2311]
944,main.vtx[2312]
945,main.vtx[2313]
946,main.vtx[2314]
947,main.vtx[2315]
948,main.vtx[2316]
949,main.vtx[2317]
950,main.vtx[2318]
951,main.vtx[2319]
952,main.vtx[2320]
953,main.vtx[2321]
954,main.vtx[2322]
955,main.vtx[2323]
956,main.vtx[2324]
957,main.vtx[2325]
958,main.vtx[2326]
959,main.vtx[2327]
960,main.vtx[2328]
961,main.vtx[2329]
962,main.vtx[2330]
963,main.vtx[2331]
964,main.vtx[2332]
965,main.vtx[2333]
966,main.vtx[2334]
967,main.vtx[2390]
968,main.vtx[2391]
969,main.vtx[2392]
970,main.vtx[2393]
971,main.vtx[2394]
972,main.vtx[2395]
973,main.vtx[2396]
974,main.vtx[2397]
975,main.vtx[2398]
976,main.vtx[2399]
977,main.vtx[2400]
978,main.vtx[2401]
979,main.vtx[2402]
980,main.vtx[2403]
981,main.vtx[2404]
982,main.vtx[2405]
983,main.vtx[2406]
984,main.vtx[2407]
985,main.vtx[2408]
986,main.vtx[2409]
987,main.vtx[2410]
988,main.vtx[2411]
989,main.vtx[2412]
990,main.vtx[2413]
991,main.vtx[2414]
992,main.vtx[2415]
993,main.vtx[2416]
994,main.vtx[2417]
995,main.vtx[2418]
996,main.vtx[2419]
997,main.vtx[2420]
998,main.vtx[2421]
999,main.vtx[2422]
1000,main.vtx[2423]
1001,main.vtx[2424]
1002,main.vtx[2425]
1003,main.vtx[2426]
1004,main.vtx[2427]
1005,main.vtx[2428]
1006,main.vtx[2429]
1007,main.vtx[2430]
1008,main.vtx[2431]
1009,main.vtx[2432]
1010,main.vtx[2433]
1011,main.vtx[2434]
1012,main.vtx[2435]
1013,main.vtx[2436]
1014,main.vtx[2437]
1015,main.vtx[2438]
1016,main.vtx[2439]
1017,main.vtx[2440]
1018,main.vtx[2441]
1019,main.vtx[2442]
1020,main.vtx[2443]
1021,main.vtx[2444]
1022,main.vtx[2445]
1023,main.vtx[2446]
1024,main.vtx[2447]
1025,main.vtx[2448]
1026,main.vtx[2449]
1027,main.vtx[2489]
1028,main.vtx[2490]
1029,main.vtx[2491]
1030,main.vtx[2493]
1031,main.vtx[2497]
1032,main.vtx[2498]
1033,main.vtx[2499]
1034,main.vtx[2534]
1035,main.vtx[2535]
1036,main.vtx[2536]
1037,main.vtx[2537]
1038,main.vtx[2539]
1039,main.vtx[2540]
1040,main.vtx[2541]
1041,main.vtx[2542]
1042,main.vtx[2543]
1043,main.vtx[2544]
1044,main.vtx[2545]
1045,main.vtx[2546]
1046,main.vtx[2547]
1047,main.vtx[2548]
1048,main.vtx[2549]
1049,main.vtx[2550]
1050,main.vtx[2551]
1051,main.vtx[2552]
1052,main.vtx[2553]
1053,main.vtx[2554]
1054,main.vtx[2555]
1055,main.vtx[2556]
1056,main.vtx[2557]
1057,main.vtx[2558]
1058,main.vtx[2559]
1059,main.vtx[2560]
1060,main.vtx[2561]
1061,main.vtx[2562]
1062,main.vtx[2563]
1063,main.vtx[2564]
1064,main.vtx[2565]
1065,main.vtx[2566]
1066,main.vtx[2567]
1067,main.vtx[2568]
1068,main.vtx[2569]
1069,main.vtx[2570]
1070,main.vtx[2571]
1071,main.vtx[2572]
1072,main.vtx[2573]
1073,main.vtx[2574]
1074,main.vtx[2575]
1075,main.vtx[2576]
1076,main.vtx[2577]
1077,main.vtx[2578]
1078,main.vtx[2579]
1079,main.vtx[2580]
1080,main.vtx[2581]
1081,main.vtx[2582]
1082,main.vtx[2583]
1083,main.vtx[2584]
1084,main.vtx[2585]
1085,main.vtx[2586]
1086,main.vtx[2587]
1087,main.vtx[2588]
1088,main.vtx[2589]
1089,main.vtx[2590]
1090,main.vtx[2591]
1091,main.vtx[2592]
1092,main.vtx[2593]
1093,main.vtx[2594]
1094,main.vtx[2595]
1095,main.vtx[2596]
1096,main.vtx[2597]
1097,main.vtx[2598]
1098,main.vtx[2599]
1099,main.vtx[2600]
1100,main.vtx[2601]
1101,main.vtx[2602]
1102,main.vtx[2603]
1103,main.vtx[2604]
1104,main.vtx[2605]
1105,main.vtx[2606]
1106,main.vtx[2607]
1107,main.vtx[2608]
1108,main.vtx[2609]
1109,main.vtx[2610]
1110,main.vtx[2611]
1111,main.vtx[2612]
1112,main.vtx[2613]
1113,main.vtx[2614]
1114,main.vtx[2615]
1115,main.vtx[2616]
1116,main.vtx[2617]
1117,main.vtx[2618]
1118,main.vtx[2619]
1119,main.vtx[2620]
1120,main.vtx[2621]
1121,main.vtx[2622]
1122,main.vtx[2623]
1123,main.vtx[2624]
1124,main.vtx[2625]
1125,main.vtx[2626]
1126,main.vtx[2627]
1127,main.vtx[2628]
1128,main.vtx[2629]
1129,main.vtx[2630]
1130,main.vtx[2631]
1131,main.vtx[2632]
1132,main.vtx[2633]
1133,main.vtx[2634]
1134,main.vtx[2635]
1135,main.vtx[2636]
1136,main.vtx[2637]
1137,main.vtx[2638]
1138,main.vtx[2639]
1139,main.vtx[2640]
1140,main.vtx[2641]
1141,main.vtx[2642]
1142,main.vtx[2643]
1143,main.vtx[2644]
1144,main.vtx[2645]
1145,main.vtx[2646]
1146,main.vtx[2647]
1147,main.vtx[2648]
1148,main.vtx[2649]
1149,main.vtx[2650]
1150,main.vtx[2651]
1151,main.vtx[2652]
1152,main.vtx[2653]
1153,main.vtx[2654]
1154,main.vtx[2655]
1155,main.vtx[2656]
1156,main.vtx[2657]
1157,main.vtx[2658]
1158,main.vtx[2659]
1159,main.vtx[2660]
1160,main.vtx[2661]
1161,main.vtx[2662]
1162,main.vtx[2663]
1163,main.vtx[2664]
1164,main.vtx[2665]
1165,main.vtx[2666]
1166,main.vtx[2667]
1167,main.vtx[2668]
1168,main.vtx[2669]
1169,main.vtx[2670]
1170,main.vtx[2671]
1171,main.vtx[2672]
1172,main.vtx[2673]
1173,main.vtx[2674]
1174,main.vtx[2675]
1175,main.vtx[2676]
1176,main.vtx[2677]
1177,main.vtx[2678]
1178,main.vtx[2679]
1179,main.vtx[2680]
1180,main.vtx[2681]
1181,main.vtx[2682]
1182,main.vtx[2683]
1183,main.vtx[2684]
1184,main.vtx[2685]
1185,main.vtx[2686]
1186,main.vtx[2687]
1187,main.vtx[2688]
1188,main.vtx[2689]
1189,main.vtx[2690]
1190,main.vtx[2691]
1191,main.vtx[2692]
1192,main.vtx[2693]
1193,main.vtx[2694]
1194,main.vtx[2695]
1195,main.vtx[2696]
1196,main.vtx[2697]
1197,main.vtx[2698]
1198,main.vtx[2699]
1199,main.vtx[2700]
1200,main.vtx[2701]
1201,main.vtx[2702]
1202,main.vtx[2703]
1203,main.vtx[2704]
1204,main.vtx[2705]
1205,main.vtx[2706]
1206,main.vtx[2707]
1207,main.vtx[2708]
1208,main.vtx[2709]
1209,main.vtx[2710]
1210,main.vtx[2711]
1211,main.vtx[2712]
1212,main.vtx[2713]
1213,main.vtx[2714]
1214,main.vtx[2715]
1215,main.vtx[2716]
1216,main.vtx[2717]
1217,main.vtx[2718]
1218,main.vtx[2719]
1219,main.vtx[2720]
1220,main.vtx[2721]
1221,main.vtx[2722]
1222,main.vtx[2723]
1223,main.vtx[2724]
1224,main.vtx[2725]
1225,main.vtx[2726]
1226,main.vtx[2727]
1227,main.vtx[2728]
1228,main.vtx[2729]
1229,main.vtx[2730]
1230,main.vtx[2731]
1231,main.vtx[2732]
1232,main.vtx[2733]
1233,main.vtx[2734]
1234,main.vtx[2735]
1235,main.vtx[2736]
1236,main.vtx[2737]
1237,main.vtx[2738]
1238,main.vtx[2739]
1239,main.vtx[2740]
1240,main.vtx[2741]
1241,main.vtx[2742]
1242,main.vtx[2743]
1243,main.vtx[2744]
1244,main.vtx[2745]
1245,main.vtx[2746]
1246,main.vtx[2747]
1247,main.vtx[2748]
1248,main.vtx[2749]
1249,main.vtx[2750]
1250,main.vtx[2751]
1251,main.vtx[2752]
1252,main.vtx[2753]
1253,main.vtx[2754]
1254,main.vtx[2755]
1255,main.vtx[2756]
1256,main.vtx[2757]
1257,main.vtx[2758]
1258,main.vtx[2759]
1259,main.vtx[2760]
1260,main.vtx[2761]
1261,main.vtx[2762]
1262,main.vtx[2763]
1263,main.vtx[2764]
1264,main.vtx[2765]
1265,main.vtx[2766]
1266,main.vtx[2767]
1267,main.vtx[2768]
1268,main.vtx[2769]
1269,main.vtx[2770]
1270,main.vtx[2771]
1271,main.vtx[2772]
1272,main.vtx[2773]
1273,main.vtx[2774]
1274,main.vtx[2775]
1275,main.vtx[2776]
1276,main.vtx[2777]
1277,main.vtx[2778]
1278,main.vtx[2779]
1279,main.vtx[2780]
1280,main.vtx[2781]
1281,main.vtx[2782]
1282,main.vtx[2783]
1283,main.vtx[2784]
1284,main.vtx[2785]
1285,main.vtx[2786]
1286,main.vtx[2787]
1287,main.vtx[2788]
1288,main.vtx[2789]
1289,main.vtx[2790]
1290,main.vtx[2791]
1291,main.vtx[2792]
1292,main.vtx[2793]
1293,main.vtx[2794]
1294,main.vtx[2795]
1295,main.vtx[2796]
1296,main.vtx[2797]
1297,main.vtx[2798]
1298,main.vtx[2799]
1299,main.vtx[2800]
1300,main.vtx[2801]
1301,main.vtx[2802]
1302,main.vtx[2803]
1303,main.vtx[2804]
1304,main.vtx[2805]
1305,main.vtx[2806]
1306,main.vtx[2807]
1307,main.vtx[2808]
1308,main.vtx[2809]
1309,main.vtx[2810]
1310,main.vtx[2811]
1311,main.vtx[2812]
1312,main.vtx[2813]
1313,main.vtx[2814]
1314,main.vtx[2815]
1315,main.vtx[2816]
1316,main.vtx[2817]
1317,main.vtx[2818]
1318,main.vtx[2819]
1319,main.vtx[2820]
1320,main.vtx[2821]
1321,main.vtx[2822]
1322,main.vtx[2823]
1323,main.vtx[2824]
1324,main.vtx[2825]
1325,main.vtx[2826]
1326,main.vtx[2827]
1327,main.vtx[2828]
1328,main.vtx[2829]
1329,main.vtx[2830]
1330,main.vtx[2831]
1331,main.vtx[2832]
1332,main.vtx[2833]
1333,main.vtx[2834]
1334,main.vtx[2835]
1335,main.vtx[2836]
1336,main.vtx[2837]
1337,main.vtx[2838]
1338,main.vtx[2839]
1339,main.vtx[2840]
1340,main.vtx[2841]
1341,main.vtx[2842]
1342,main.vtx[2843]
1343,main.vtx[2844]
1344,main.vtx[2845]
1345,main.vtx[2846]
1346,main.vtx[2847]
1347,main.vtx[2848]
1348,main.vtx[2849]
1349,main.vtx[2850]
1350,main.vtx[2851]
1351,main.vtx[2852]
1352,main.vtx[2853]
1353,main.vtx[2854]
1354,main.vtx[2855]
1355,main.vtx[2856]
1356,main.vtx[2857]
1357,main.vtx[2858]
1358,main.vtx[2859]
1359,main.vtx[2860]
1360,main.vtx[2861]
1361,main.vtx[2862]
1362,main.vtx[2863]
1363,main.vtx[2864]
1364,main.vtx[2865]
1365,main.vtx[2866]
1366,main.vtx[2867]
1367,main.vtx[2868]
1368,main.vtx[2869]
1369,main.vtx[2870]
1370,main.vtx[2871]
1371,main.vtx[2872]
1372,main.vtx[2873]
1373,main.vtx[2874]
1374,main.vtx[2875]
1375,main.vtx[2876]
1376,main.vtx[2877]
1377,main.vtx[2878]
1378,main.vtx[2879]
1379,main.vtx[2880]
1380,main.vtx[2881]
1381,main.vtx[2882]
1382,main.vtx[2883]
1383,main.vtx[2884]
1384,main.vtx[2885]
1385,main.vtx[2886]
1386,main.vtx[2887]
1387,main.vtx[2888]
1388,main.vtx[2889]
1389,main.vtx[2890]
1390,main.vtx[2891]
1391,main.vtx[2892]
1392,main.vtx[2893]
1393,main.vtx[2894]
1394,main.vtx[2895]
1395,main.vtx[2896]
1396,main.vtx[2897]
1397,main.vtx[2898]
1398,main.vtx[2899]
1399,main.vtx[2900]
1400,main.vtx[2901]
1401,main.vtx[2902]
1402,main.vtx[2903]
1403,main.vtx[2904]
1404,main.vtx[2905]
1405,main.vtx[2906]
1406,main.vtx[2907]
1407,main.vtx[2908]
1408,main.vtx[2909]
1409,main.vtx[2910]
1410,main.vtx[2911]
1411,main.vtx[2912]
1412,main.vtx[2913]
1413,main.vtx[2914]
1414,main.vtx[2915]
1415,main.vtx[2916]
1416,main.vtx[2917]
1417,main.vtx[2918]
1418,main.vtx[2919]
1419,main.vtx[2920]
1420,main.vtx[2921]
1421,main.vtx[2922]
1422,main.vtx[2923]
1423,main.vtx[2924]
1424,main.vtx[2925]
1425,main.vtx[2926]
1426,main.vtx[2927]
1427,main.vtx[2928]
1428,main.vtx[2929]
1429,main.vtx[2930]
1430,main.vtx[2931]
1431,main.vtx[2932]
1432,main.vtx[2933]
1433,main.vtx[2934]
1434,main.vtx[2935]
1435,main.vtx[2936]
1436,main.vtx[2937]
1437,main.vtx[2938]
1438,main.vtx[2939]
1439,main.vtx[2940]
1440,main.vtx[2941]
1441,main.vtx[2942]
1442,main.vtx[2943]
1443,main.vtx[2944]
1444,main.vtx[2945]
1445,main.vtx[2946]
1446,main.vtx[2947]
1447,main.vtx[2948]
1448,main.vtx[2949]
1449,main.vtx[2950]
1450,main.vtx[2951]
1451,main.vtx[2952]
1452,main.vtx[2953]
1453,main.vtx[2954]
1454,main.vtx[2955]
1455,main.vtx[2956]
1456,main.vtx[2957]
1457,main.vtx[2958]
1458,main.vtx[2959]
1459,main.vtx[2960]
1460,main.vtx[2961]
1461,main.vtx[2962]
1462,main.vtx[2963]
1463,main.vtx[2964]
1464,main.vtx[2965]
1465,main.vtx[2966]
1466,main.vtx[2967]
1467,main.vtx[2968]
1468,main.vtx[2969]
1469,main.vtx[2970]
1470,main.vtx[2971]
1471,main.vtx[2972]
1472,main.vtx[2973]
1473,main.vtx[2974]
1474,main.vtx[2975]
1475,main.vtx[2976]
1476,main.vtx[2977]
1477,main.vtx[2978]
1478,main.vtx[2979]
1479,main.vtx[2980]
1480,main.vtx[2981]
1481,main.vtx[2982]
1482,main.vtx[2983]
1483,main.vtx[2984]
1484,main.vtx[2985]
1485,main.vtx[2986]
1486,main.vtx[2987]
1487,main.vtx[2988]
1488,main.vtx[2989]
1489,main.vtx[2990]
1490,main.vtx[2991]
1491,main.vtx[2992]
1492,main.vtx[2993]
1493,main.vtx[2994]
1494,main.vtx[2995]
1495,main.vtx[2996]
1496,main.vtx[2997]
1497,main.vtx[2998]
1498,main.vtx[2999]
1499,main.vtx[3000]
1500,main.vtx[3001]
1501,main.vtx[3002]
1502,main.vtx[3003]
1503,main.vtx[3004]
1504,main.vtx[3005]
1505,main.vtx[3006]
1506,main.vtx[3007]
1507,main.vtx[3008]
1508,main.vtx[3009]
1509,main.vtx[3010]
1510,main.vtx[3011]
1511,main.vtx[3012]
1512,main.vtx[3013]
1513,main.vtx[3014]
1514,main.vtx[3015]
1515,main.vtx[3016]
1516,main.vtx[3017]
1517,main.vtx[3018]
1518,main.vtx[3019]
1519,main.vtx[3020]
1520,main.vtx[3021]
1521,main.vtx[3022]
1522,main.vtx[3023]
1523,main.vtx[3024]
1524,main.vtx[3025]
1525,main.vtx[3026]
1526,main.vtx[3027]
1527,main.vtx[3028]
1528,main.vtx[3029]
1529,main.vtx[3030]
1530,main.vtx[3031]
1531,main.vtx[3032]
1532,main.vtx[3033]
1533,main.vtx[3034]
1534,main.vtx[3035]
1535,main.vtx[3036]
1536,main.vtx[3037]
1537,main.vtx[3038]
1538,main.vtx[3039]
1539,main.vtx[3040]
1540,main.vtx[3041]
1541,main.vtx[3042]
1542,main.vtx[3043]
1543,main.vtx[3044]
1544,main.vtx[3045]
1545,main.vtx[3046]
1546,main.vtx[3047]
1547,main.vtx[3048]
1548,main.vtx[3049]
1549,main.vtx[3050]
1550,main.vtx[3051]
1551,main.vtx[3052]
1552,main.vtx[3053]
1553,main.vtx[3054]
1554,main.vtx[3055]
1555,main.vtx[3056]
1556,main.vtx[3057]
1557,main.vtx[3058]
1558,main.vtx[3059]
1559,main.vtx[3060]
1560,main.vtx[3061]
1561,main.vtx[3062]
1562,main.vtx[3063]
1563,main.vtx[3064]
1564,main.vtx[3065]
1565,main.vtx[3066]
1566,main.vtx[3067]
1567,main.vtx[3068]
1568,main.vtx[3069]
1569,main.vtx[3070]
1570,main.vtx[3071]
1571,main.vtx[3072]
1572,main.vtx[3073]
1573,main.vtx[3074]
1574,main.vtx[3075]
1575,main.vtx[3076]
1576,main.vtx[3077]
1577,main.vtx[3078]
1578,main.vtx[3079]
1579,main.vtx[3080]
1580,main.vtx[3081]
1581,main.vtx[3082]
1582,main.vtx[3083]
1583,main.vtx[3084]
1584,main.vtx[3085]
1585,main.vtx[3086]
1586,main.vtx[3087]
1587,main.vtx[3088]
1588,main.vtx[3089]
1589,main.vtx[3090]
1590,main.vtx[3091]
1591,main.vtx[3092]
1592,main.vtx[3093]
1593,main.vtx[3094]
1594,main.vtx[3095]
1595,main.vtx[3096]
1596,main.vtx[3097]
1597,main.vtx[3098]
1598,main.vtx[3099]
1599,main.vtx[3100]
1600,main.vtx[3101]
1601,main.vtx[3102]
1602,main.vtx[3103]
1603,main.vtx[3104]
1604,main.vtx[3105]
1605,main.vtx[3106]
1606,main.vtx[3107]
1607,main.vtx[3108]
1608,main.vtx[3109]
1609,main.vtx[3110]
1610,main.vtx[3111]
1611,main.vtx[3112]
1612,main.vtx[3113]
1613,main.vtx[3114]
1614,main.vtx[3115]
1615,main.vtx[3116]
1616,main.vtx[3117]
1617,main.vtx[3118]
1618,main.vtx[3119]
1619,main.vtx[3120]
1620,main.vtx[3121]
1621,main.vtx[3122]
1622,main.vtx[3123]
1623,main.vtx[3124]
1624,main.vtx[3125]
1625,main.vtx[3126]
1626,main.vtx[3127]
1627,main.vtx[3128]
1628,main.vtx[3129]
1629,main.vtx[3130]
1630,main.vtx[3131]
1631,main.vtx[3132]
1632,main.vtx[3133]
1633,main.vtx[3134]
1634,main.vtx[3135]
1635,main.vtx[3136]
1636,main.vtx[3137]
1637,main.vtx[3138]
1638,main.vtx[3139]
1639,main.vtx[3140]
1640,main.vtx[3141]
1641,main.vtx[3142]
1642,main.vtx[3143]
1643,main.vtx[3144]
1644,main.vtx[3145]
1645,main.vtx[3146]
1646,main.vtx[3147]
1647,main.vtx[3148]
1648,main.vtx[3149]
1649,main.vtx[3150]
1650,main.vtx[3151]
1651,main.vtx[3152]
1652,main.vtx[3153]
1653,main.vtx[3154]
1654,main.vtx[3155]
1655,main.vtx[3156]
1656,main.vtx[3157]
1657,main.vtx[3158]
1658,main.vtx[3159]
1659,main.vtx[3160]
1660,main.vtx[3161]
1661,main.vtx[3162]
1662,main.vtx[3163]
1663,main.vtx[3164]
1664,main.vtx[3165]
1665,main.vtx[3166]
1666,main.vtx[3167]
1667,main.vtx[3168]
1668,main.vtx[3169]
1669,main.vtx[3170]
1670,main.vtx[3171]
1671,main.vtx[3172]
1672,main.vtx[3173]
1673,main.vtx[3174]
1674,main.vtx[3175]
1675,main.vtx[3176]
1676,main.vtx[3177]
1677,main.vtx[3178]
1678,main.vtx[3179]
1679,main.vtx[3180]
1680,main.vtx[3181]
1681,main.vtx[3182]
1682,main.vtx[3183]
1683,main.vtx[3184]
1684,main.vtx[3185]
1685,main.vtx[3186]
1686,main.vtx[3187]
1687,main.vtx[3188]
1688,main.vtx[3189]
1689,main.vtx[3190]
1690,main.vtx[3191]
1691,main.vtx[3192]
1692,main.vtx[3193]
1693,main.vtx[3194]
1694,main.vtx[3195]
1695,main.vtx[3196]
1696,main.vtx[3197]
1697,main.vtx[3198]
1698,main.vtx[3199]
1699,main.vtx[3200]
1700,main.vtx[3201]
1701,main.vtx[3202]
1702,main.vtx[3203]
1703,main.vtx[3204]
1704,main.vtx[3205]
1705,main.vtx[3206]
1706,main.vtx[3207]
1707,main.vtx[3208]
1708,main.vtx[3209]
1709,main.vtx[3210]
1710,main.vtx[3211]
1711,main.vtx[3212]
1712,main.vtx[3213]
1713,main.vtx[3214]
1714,main.vtx[3215]
1715,main.vtx[3216]
1716,main.vtx[3217]
1717,main.vtx[3218]
1718,main.vtx[3219]
1719,main.vtx[3220]
1720,main.vtx[3221]
1721,main.vtx[3222]
1722,main.vtx[3223]
1723,main.vtx[3224]
1724,main.vtx[3225]
1725,main.vtx[3226]
1726,main.vtx[3227]
1727,main.vtx[3228]
1728,main.vtx[3229]
1729,main.vtx[3230]
1730,main.vtx[3231]
1731,main.vtx[3232]
1732,main.vtx[3233]
1733,main.vtx[3234]
1734,main.vtx[3235]
1735,main.vtx[3236]
1736,main.vtx[3237]
1737,main.vtx[3238]
1738,main.vtx[3239]
1739,main.vtx[3240]
1740,main.vtx[3241]
1741,main.vtx[3242]
1742,main.vtx[3243]
1743,main.vtx[3244]
1744,main.vtx[3245]
1745,main.vtx[3246]
1746,main.vtx[3247]
1747,main.vtx[3248]
1748,main.vtx[3249]
1749,main.vtx[3250]
1750,main.vtx[3251]
1751,main.vtx[3252]
1752,main.vtx[3253]
1753,main.vtx[3254]
1754,main.vtx[3255]
1755,main.vtx[3256]
1756,main.vtx[3257]
1757,main.vtx[3258]
1758,main.vtx[3259]
1759,main.vtx[3260]
1760,main.vtx[3261]
1761,main.vtx[3262]
1762,main.vtx[3263]
1763,main.vtx[3264]
1764,main.vtx[3265]
1765,main.vtx[3266]
1766,main.vtx[3267]
1767,main.vtx[3268]
1768,main.vtx[3269]
1769,main.vtx[3270]
1770,main.vtx[3271]
1771,main.vtx[3272]
1772,main.vtx[3273]
1773,main.vtx[3274]
1774,main.vtx[3275]
1775,main.vtx[3276]
1776,main.vtx[3277]
1777,main.vtx[3278]
1778,main.vtx[3279]
1779,main.vtx[3280]
1780,main.vtx[3281]
1781,main.vtx[3282]
1782,main.vtx[3283]
1783,main.vtx[3284]
1784,main.vtx[3285]
1785,main.vtx[3286]
1786,main.vtx[3287]
1787,main.vtx[3288]
1788,main.vtx[3289]
1789,main.vtx[3290]
1790,main.vtx[3291]
1791,main.vtx[3292]
1792,main.vtx[3293]
1793,main.vtx[3294]
1794,main.vtx[3295]
1795,main.vtx[3296]
1796,main.vtx[3297]
1797,main.vtx[3298]
1798,main.vtx[3299]
1799,main.vtx[3300]
1800,main.vtx[3301]
1801,main.vtx[3302]
1802,main.vtx[3303]
1803,main.vtx[3304]
1804,main.vtx[3305]
1805,main.vtx[3306]
1806,main.vtx[3307]
1807,main.vtx[3308]
1808,main.vtx[3309]
1809,main.vtx[3310]
1810,main.vtx[3311]
1811,main.vtx[3312]
1812,main.vtx[3313]
1813,main.vtx[3314]
1814,main.vtx[3315]
1815,main.vtx[3316]
1816,main.vtx[3317]
1817,main.vtx[3318]
1818,main.vtx[3319]
1819,main.vtx[3320]
1820,main.vtx[3321]
1821,main.vtx[3322]
1822,main.vtx[3323]
1823,main.vtx[3324]
1824,main.vtx[3325]
1825,main.vtx[3326]
1826,main.vtx[3327]
1827,main.vtx[3328]
1828,main.vtx[3329]
1829,main.vtx[3330]
1830,main.vtx[3331]
1831,main.vtx[3332]
1832,main.vtx[3333]
1833,main.vtx[3334]
1834,main.vtx[3335]
1835,main.vtx[3336]
1836,main.vtx[3337]
1837,main.vtx[3338]
1838,main.vtx[3339]
1839,main.vtx[3340]
1840,main.vtx[3341]
1841,main.vtx[3342]
1842,main.vtx[3343]
1843,main.vtx[3344]
1844,main.vtx[3345]
1845,main.vtx[3346]
1846,main.vtx[3347]
1847,main.vtx[3348]
1848,main.vtx[3349]
1849,main.vtx[3350]
1850,main.vtx[3351]
1851,main.vtx[3352]
1852,main.vtx[3353]
1853,main.vtx[3354]
1854,main.vtx[3355]
1855,main.vtx[3356]
1856,main.vtx[3357]
1857,main.vtx[3358]
1858,main.vtx[3359]
1859,main.vtx[3360]
1860,main.vtx[3361]
1861,main.vtx[3362]
1862,main.vtx[3363]
1863,main.vtx[3364]
1864,main.vtx[3365]
1865,main.vtx[3366]
1866,main.vtx[3367]
1867,main.vtx[3368]
1868,main.vtx[3369]
1869,main.vtx[3370]
1870,main.vtx[3371]
1871,main.vtx[3372]
1872,main.vtx[3373]
1873,main.vtx[3374]
1874,main.vtx[3375]
1875,main.vtx[3376]
1876,main.vtx[3377]
1877,main.vtx[3378]
1878,main.vtx[3379]
1879,main.vtx[3380]
1880,main.vtx[3381]
1881,main.vtx[3382]
1882,main.vtx[3383]
1883,main.vtx[3384]
1884,main.vtx[3385]
1885,main.vtx[3386]
1886,main.vtx[3387]
1887,main.vtx[3388]
1888,main.vtx[3389]
1889,main.vtx[3390]
1890,main.vtx[3391]
1891,main.vtx[3392]
1892,main.vtx[3393]
1893,main.vtx[3394]
1894,main.vtx[3395]
1895,main.vtx[3396]
1896,main.vtx[3397]
1897,main.vtx[3398]
1898,main.vtx[3399]
1899,main.vtx[3400]
1900,main.vtx[3401]
1901,main.vtx[3402]
1902,main.vtx[3403]
1903,main.vtx[3404]
1904,main.vtx[3405]
1905,main.vtx[3406]
1906,main.vtx[3407]
1907,main.vtx[3408]
1908,main.vtx[3409]
1909,main.vtx[3410]
1910,main.vtx[3411]
1911,main.vtx[3412]
1912,main.vtx[3413]
1913,main.vtx[3414]
1914,main.vtx[3415]
1915,main.vtx[3416]
1916,main.vtx[3417]
1917,main.vtx[3418]
1918,main.vtx[3419]
1919,main.vtx[3420]
1920,main.vtx[3421]
1921,main.vtx[3422]
1922,main.vtx[3423]
1923,main.vtx[3424]
1924,main.vtx[3425]
1925,main.vtx[3426]
1926,main.vtx[3427]
1927,main.vtx[3428]
1928,main.vtx[3429]
1929,main.vtx[3430]
1930,main.vtx[3431]
1931,main.vtx[3432]
1932,main.vtx[3433]
1933,main.vtx[3434]
1934,main.vtx[3435]
1935,main.vtx[3436]
1936,main.vtx[3437]
1937,main.vtx[3438]
1938,main.vtx[3439]
1939,main.vtx[3440]
1940,main.vtx[3441]
1941,main.vtx[3442]
1942,main.vtx[3443]
1943,main.vtx[3444]
1944,main.vtx[3445]
1945,main.vtx[3446]
1946,main.vtx[3447]
1947,main.vtx[3448]
1948,main.vtx[3449]
1949,main.vtx[3450]
1950,main.vtx[3451]
1951,main.vtx[3452]
1952,main.vtx[3453]
1953,main.vtx[3454]
1954,main.vtx[3455]
1955,main.vtx[3456]
1956,main.vtx[3457]
1957,main.vtx[3458]
1958,main.vtx[3459]
1959,main.vtx[3460]
1960,main.vtx[3461]
1961,main.vtx[3462]
1962,main.vtx[3463]
1963,main.vtx[3464]
1964,main.vtx[3465]
1965,main.vtx[3466]
1966,main.vtx[3467]
1967,main.vtx[3468]
1968,main.vtx[3469]
1969,main.vtx[3470]
1970,main.vtx[3471]
1971,main.vtx[3472]
1972,main.vtx[3473]
1973,main.vtx[3474]
1974,main.vtx[3475]
1975,main.vtx[3476]
1976,main.vtx[3477]
1977,main.vtx[3478]
1978,main.vtx[3479]
1979,main.vtx[3480]
1980,main.vtx[3481]
1981,main.vtx[3482]
1982,main.vtx[3483]
1983,main.vtx[3484]
1984,main.vtx[3485]
1985,main.vtx[3486]
1986,main.vtx[3487]
1987,main.vtx[3488]
1988,main.vtx[3489]
1989,main.vtx[3490]
1990,main.vtx[3491]
1991,main.vtx[3492]
1992,main.vtx[3493]
1993,main.vtx[3494]
1994,main.vtx[3495]
1995,main.vtx[3496]
1996,main.vtx[3497]
1997,main.vtx[3498]
1998,main.vtx[3499]
1999,main.vtx[3500]
2000,main.vtx[3501]
2001,main.vtx[3502]
2002,main.vtx[3503]
2003,main.vtx[3504]
2004,main.vtx[3505]
2005,main.vtx[3506]
2006,main.vtx[3507]
2007,main.vtx[3508]
2008,main.vtx[3509]
2009,main.vtx[3510]
2010,main.vtx[3511]
2011,main.vtx[3512]
2012,main.vtx[3513]
2013,main.vtx[3514]
2014,main.vtx[3515]
2015,main.vtx[3516]
2016,main.vtx[3517]
2017,main.vtx[3518]
2018,main.vtx[3519]
2019,main.vtx[3520]
2020,main.vtx[3521]
2021,main.vtx[3522]
2022,main.vtx[3523]
2023,main.vtx[3524]
2024,main.vtx[3525]
2025,main.vtx[3526]
2026,main.vtx[3527]
2027,main.vtx[3528]
2028,main.vtx[3529]
2029,main.vtx[3530]
2030,main.vtx[3531]
2031,main.vtx[3532]
2032,main.vtx[3533]
2033,main.vtx[3534]
2034,main.vtx[3535]
2035,main.vtx[3536]
2036,main.vtx[3537]
2037,main.vtx[3538]
2038,main.vtx[3539]
2039,main.vtx[3540]
2040,main.vtx[3541]
2041,main.vtx[3542]
2042,main.vtx[3543]
2043,main.vtx[3544]
2044,main.vtx[3545]
2045,main.vtx[3546]
2046,main.vtx[3547]
2047,main.vtx[3548]
2048,main.vtx[3549]
2049,main.vtx[3550]
2050,main.vtx[3551]
2051,main.vtx[3552]
2052,main.vtx[3553]
2053,main.vtx[3554]
2054,main.vtx[3555]
2055,main.vtx[3556]
2056,main.vtx[3557]
2057,main.vtx[3558]
2058,main.vtx[3559]
2059,main.vtx[3560]
2060,main.vtx[3561]
2061,main.vtx[3562]
2062,main.vtx[3563]
2063,main.vtx[3564]
2064,main.vtx[3565]
2065,main.vtx[3566]
2066,main.vtx[3567]
2067,main.vtx[3568]
2068,main.vtx[3569]
2069,main.vtx[3570]
2070,main.vtx[3571]
2071,main.vtx[3572]
2072,main.vtx[3573]
2073,main.vtx[3574]
2074,main.vtx[3575]
2075,main.vtx[3576]
2076,main.vtx[4376]
2077,main.vtx[4377]
2078,main.vtx[4378]
2079,main.vtx[4379]
2080,main.vtx[4380]
2081,main.vtx[4381]
2082,main.vtx[4382]
2083,main.vtx[4383]
2084,main.vtx[4384]
2085,main.vtx[4385]
2086,main.vtx[4386]
2087,main.vtx[4387]
2088,main.vtx[4388]
2089,main.vtx[4389]
2090,main.vtx[4390]
2091,main.vtx[4391]
2092,main.vtx[4392]
2093,main.vtx[4393]
2094,main.vtx[4394]
2095,main.vtx[4395]
2096,main.vtx[4396]
2097,main.vtx[4397]
2098,main.vtx[4398]
2099,main.vtx[4399]
2100,main.vtx[4400]
2101,main.vtx[4401]
2102,main.vtx[4402]
2103,main.vtx[4403]
2104,main.vtx[4404]
2105,main.vtx[4405]
2106,main.vtx[4406]
2107,main.vtx[4407]
2108,main.vtx[4408]
2109,main.vtx[4409]
2110,main.vtx[4410]
2111,main.vtx[4411]
2112,main.vtx[4412]
2113,main.vtx[4413]
2114,main.vtx[4414]
2115,main.vtx[4415]
2116,main.vtx[4416]
2117,main.vtx[4417]
2118,main.vtx[4418]
2119,main.vtx[4419]
2120,main.vtx[4420]
2121,main.vtx[4421]
2122,main.vtx[4422]
2123,main.vtx[4423]
2124,main.vtx[4424]
2125,main.vtx[4425]
2126,main.vtx[4426]
2127,main.vtx[4427]
2128,main.vtx[4428]
2129,main.vtx[4429]
2130,main.vtx[4430]
2131,main.vtx[4431]
2132,main.vtx[4432]
2133,main.vtx[4433]
2134,main.vtx[4434]
2135,main.vtx[4435]
2136,main.vtx[4436]
2137,main.vtx[4437]
2138,main.vtx[4438]
2139,main.vtx[4439]
2140,main.vtx[4440]
2141,main.vtx[4441]
2142,main.vtx[4442]
2143,main.vtx[4443]
2144,main.vtx[4444]
2145,main.vtx[4445]
2146,main.vtx[4446]
2147,main.vtx[4447]
2148,main.vtx[4448]
2149,main.vtx[4449]
2150,main.vtx[4450]
2151,main.vtx[4451]
2152,main.vtx[4452]
2153,main.vtx[4453]
2154,main.vtx[4454]
2155,main.vtx[4455]
2156,main.vtx[4456]
2157,main.vtx[4457]
2158,main.vtx[4458]
2159,main.vtx[4459]
2160,main.vtx[4460]
2161,main.vtx[4461]
2162,main.vtx[4462]
2163,main.vtx[4463]
2164,main.vtx[4464]
2165,main.vtx[4465]
2166,main.vtx[4466]
2167,main.vtx[4467]
2168,main.vtx[4468]
2169,main.vtx[4469]
2170,main.vtx[4470]
2171,main.vtx[4471]
2172,main.vtx[4472]
2173,main.vtx[4473]
2174,main.vtx[4474]
2175,main.vtx[4475]
2176,main.vtx[4476]
2177,main.vtx[4477]
2178,main.vtx[4478]
2179,main.vtx[4479]
2180,main.vtx[4480]
2181,main.vtx[4481]
2182,main.vtx[4482]
2183,main.vtx[4483]
2184,main.vtx[4484]
2185,main.vtx[4485]
2186,main.vtx[4486]
2187,main.vtx[4487]
2188,main.vtx[4488]
2189,main.vtx[4489]
2190,main.vtx[4490]
2191,main.vtx[4491]
2192,main.vtx[4492]
2193,main.vtx[4493]
2194,main.vtx[4494]
2195,main.vtx[4495]
2196,main.vtx[4496]
2197,main.vtx[4497]
2198,main.vtx[4498]
2199,main.vtx[4499]
2200,main.vtx[4500]
2201,main.vtx[4501]
2202,main.vtx[4502]
2203,main.vtx[4503]
2204,main.vtx[4504]
2205,main.vtx[4505]
2206,main.vtx[4506]
2207,main.vtx[4507]
2208,main.vtx[4508]
2209,main.vtx[4509]
2210,main.vtx[4510]
2211,main.vtx[4511]
2212,main.vtx[4512]
2213,main.vtx[4513]
2214,main.vtx[4514]
2215,main.vtx[4515]
2216,main.vtx[4516]
2217,main.vtx[4517]
2218,main.vtx[4518]
2219,main.vtx[4519]
2220,main.vtx[4520]
2221,main.vtx[4521]
2222,main.vtx[4522]
2223,main.vtx[4523]
2224,main.vtx[4524]
2225,main.vtx[4525]
2226,main.vtx[4526]
2227,main.vtx[4527]
2228,main.vtx[4528]
2229,main.vtx[4529]
2230,main.vtx[4530]
2231,main.vtx[4531]
2232,main.vtx[4532]
2233,main.vtx[4533]
2234,main.vtx[4534]
2235,main.vtx[4535]
2236,main.vtx[4536]
2237,main.vtx[4537]
2238,main.vtx[4538]
2239,main.vtx[4539]
2240,main.vtx[4540]
2241,main.vtx[4541]
2242,main.vtx[4542]
2243,main.vtx[4543]
2244,main.vtx[4544]
2245,main.vtx[4545]
2246,main.vtx[4546]
2247,main.vtx[4547]
2248,main.vtx[4548]
2249,main.vtx[4549]
2250,main.vtx[4550]
2251,main.vtx[4551]
2252,main.vtx[4552]
2253,main.vtx[4553]
2254,main.vtx[4554]
2255,main.vtx[4555]
2256,main.vtx[4556]
2257,main.vtx[4557]
2258,main.vtx[4558]
2259,main.vtx[4559]
2260,main.vtx[4560]
2261,main.vtx[4561]
2262,main.vtx[4562]
2263,main.vtx[4563]
2264,main.vtx[4564]
2265,main.vtx[4565]
2266,main.vtx[4566]
2267,main.vtx[4567]
2268,main.vtx[4568]
2269,main.vtx[4569]
2270,main.vtx[4570]
2271,main.vtx[4571]
2272,main.vtx[4572]
2273,main.vtx[4573]
2274,main.vtx[4574]
2275,main.vtx[4575]
2276,main.vtx[4576]
2277,main.vtx[4577]
2278,main.vtx[4578]
2279,main.vtx[4579]
2280,main.vtx[4580]
2281,main.vtx[4581]
2282,main.vtx[4582]
2283,main.vtx[4583]
2284,main.vtx[4584]
2285,main.vtx[4585]
2286,main.vtx[4586]
2287,main.vtx[4587]
2288,main.vtx[4588]
2289,main.vtx[4589]
2290,main.vtx[4590]
2291,main.vtx[4591]
2292,main.vtx[4592]
2293,main.vtx[4593]
2294,main.vtx[4594]
2295,main.vtx[4595]
2296,main.vtx[4596]
2297,main.vtx[4597]
2298,main.vtx[4598]
2299,main.vtx[4599]
2300,main.vtx[4600]
2301,main.vtx[4601]
2302,main.vtx[4602]
2303,main.vtx[4603]
2304,main.vtx[4604]
2305,main.vtx[4605]
2306,main.vtx[4606]
2307,main.vtx[4607]
2308,main.vtx[4608]
2309,main.vtx[4609]
2310,main.vtx[4610]
2311,main.vtx[4611]
2312,main.vtx[4612]
2313,main.vtx[4613]
2314,main.vtx[4614]
2315,main.vtx[4615]
2316,main.vtx[4616]
2317,main.vtx[4617]
2318,main.vtx[4618]
2319,main.vtx[4619]
2320,main.vtx[4620]
2321,main.vtx[4621]
2322,main.vtx[4622]
2323,main.vtx[4623]
2324,main.vtx[4624]
2325,main.vtx[4625]
2326,main.vtx[4626]
2327,main.vtx[4627]
2328,main.vtx[4628]
2329,main.vtx[4629]
2330,main.vtx[4630]
2331,main.vtx[4631]
2332,main.vtx[4632]
2333,main.vtx[4633]
2334,main.vtx[4634]
2335,main.vtx[4635]
2336,main.vtx[4636]
2337,main.vtx[4637]
2338,main.vtx[4638]
2339,main.vtx[4639]
2340,main.vtx[4640]
2341,main.vtx[4641]
2342,main.vtx[4642]
2343,main.vtx[4643]
2344,main.vtx[4644]
2345,main.vtx[4645]
2346,main.vtx[4646]
2347,main.vtx[4647]
2348,main.vtx[4648]
2349,main.vtx[4649]
2350,main.vtx[4650]
2351,main.vtx[4651]
2352,main.vtx[4652]
2353,main.vtx[4653]
2354,main.vtx[4654]
2355,main.vtx[4655]
2356,main.vtx[4656]
2357,main.vtx[4657]
2358,main.vtx[4658]
2359,main.vtx[4659]
2360,main.vtx[4660]
2361,main.vtx[4661]
2362,main.vtx[4662]
2363,main.vtx[4663]
2364,main.vtx[4664]
2365,main.vtx[4665]
2366,main.vtx[4666]
2367,main.vtx[4667]
2368,main.vtx[4668]
2369,main.vtx[4669]
2370,main.vtx[4670]
2371,main.vtx[4671]
2372,main.vtx[4672]
2373,main.vtx[4673]
2374,main.vtx[4674]
2375,main.vtx[4675]
2376,main.vtx[4676]
2377,main.vtx[4677]
2378,main.vtx[4678]
2379,main.vtx[4679]
2380,main.vtx[4680]
2381,main.vtx[4681]
2382,main.vtx[4682]
2383,main.vtx[4683]
2384,main.vtx[4684]
2385,main.vtx[4685]
2386,main.vtx[4686]
2387,main.vtx[4687]
2388,main.vtx[4688]
2389,main.vtx[4689]
2390,main.vtx[4690]
2391,main.vtx[4691]
2392,main.vtx[4692]
2393,main.vtx[4693]
2394,main.vtx[4694]
2395,main.vtx[4695]
2396,main.vtx[4696]
2397,main.vtx[4697]
2398,main.vtx[4698]
2399,main.vtx[4699]
2400,main.vtx[4700]
2401,main.vtx[4701]
2402,main.vtx[4702]
2403,main.vtx[4703]
2404,main.vtx[4704]
2405,main.vtx[4705]
2406,main.vtx[4706]
2407,main.vtx[4707]
2408,main.vtx[4708]
2409,main.vtx[4709]
2410,main.vtx[4710]
2411,main.vtx[4711]
2412,main.vtx[4712]
2413,main.vtx[4713]
2414,main.vtx[4714]
2415,main.vtx[4715]
2416,main.vtx[4716]
2417,main.vtx[4717]
2418,main.vtx[4718]
2419,main.vtx[4719]
2420,main.vtx[4720]
2421,main.vtx[4721]
2422,main.vtx[4722]
2423,main.vtx[4723]
2424,main.vtx[4724]
2425,main.vtx[4725]
2426,main.vtx[4726]
2427,main.vtx[4727]
2428,main.vtx[4728]
2429,main.vtx[4729]
2430,main.vtx[4730]
2431,main.vtx[4731]
2432,main.vtx[4732]
2433,main.vtx[4733]
2434,main.vtx[4734]
2435,main.vtx[4735]
2436,main.vtx[4736]
2437,main.vtx[4737]
2438,main.vtx[4738]
2439,main.vtx[4739]
2440,main.vtx[4740]
2441,main.vtx[4741]
2442,main.vtx[4742]
2443,main.vtx[4743]
2444,main.vtx[4744]
2445,main.vtx[4745]
2446,main.vtx[4746]
2447,main.vtx[4747]
2448,main.vtx[4748]
2449,main.vtx[4749]
2450,main.vtx[4750]
2451,main.vtx[4751]
2452,main.vtx[4752]
2453,main.vtx[4753]
2454,main.vtx[4754]
2455,main.vtx[4755]
2456,main.vtx[4756]
2457,main.vtx[4757]
2458,main.vtx[4758]
2459,main.vtx[4759]
2460,main.vtx[4760]
2461,main.vtx[4761]
2462,main.vtx[4762]
2463,main.vtx[4763]
2464,main.vtx[4764]
2465,main.vtx[4765]
2466,main.vtx[4766]
2467,main.vtx[4767]
2468,main.vtx[4768]
2469,main.vtx[4769]
2470,main.vtx[4770]
2471,main.vtx[4771]
2472,main.vtx[4772]
2473,main.vtx[4773]
2474,main.vtx[4774]
2475,main.vtx[4775]
2476,main.vtx[4776]
2477,main.vtx[4777]
2478,main.vtx[4778]
2479,main.vtx[4779]
2480,main.vtx[4780]
2481,main.vtx[4781]
2482,main.vtx[4782]
2483,main.vtx[4783]
2484,main.vtx[4784]
2485,main.vtx[4785]
2486,main.vtx[4786]
2487,main.vtx[4787]
2488,main.vtx[4788]
2489,main.vtx[4789]
2490,main.vtx[4790]
2491,main.vtx[4791]
2492,main.vtx[4792]
2493,main.vtx[4793]
2494,main.vtx[4794]
2495,main.vtx[4795]
2496,main.vtx[4796]
2497,main.vtx[4797]
2498,main.vtx[4798]
2499,main.vtx[4799]
2500,main.vtx[4800]
2501,main.vtx[4801]
2502,main.vtx[4802]
2503,main.vtx[4803]
2504,main.vtx[4804]
2505,main.vtx[4805]
2506,main.vtx[4806]
2507,main.vtx[4807]
2508,main.vtx[4808]
2509,main.vtx[4809]
2510,main.vtx[4810]
2511,main.vtx[4811]
2512,main.vtx[4812]
2513,main.vtx[4813]
2514,main.vtx[4814]
2515,main.vtx[4815]
2516,main.vtx[4816]
2517,main.vtx[4817]
2518,main.vtx[4818]
2519,main.vtx[4819]
2520,main.vtx[4820]
2521,main.vtx[4821]
2522,main.vtx[4822]
2523,main.vtx[4823]
2524,main.vtx[4824]
2525,main.vtx[4825]
2526,main.vtx[4826]
2527,main.vtx[4827]
2528,main.vtx[4828]
2529,main.vtx[4829]
2530,main.vtx[4830]
2531,main.vtx[4831]
2532,main.vtx[4832]
2533,main.vtx[4833]
2534,main.vtx[4834]
2535,main.vtx[4835]
2536,main.vtx[4836]
2537,main.vtx[4837]
2538,main.vtx[4838]
2539,main.vtx[4839]
2540,main.vtx[4840]
2541,main.vtx[4841]
2542,main.vtx[4842]
2543,main.vtx[4843]
2544,main.vtx[4844]
2545,main.vtx[4845]
2546,main.vtx[4846]
2547,main.vtx[4847]
2548,main.vtx[4848]
2549,main.vtx[4849]
2550,main.vtx[4850]
2551,main.vtx[4851]
2552,main.vtx[4852]
2553,main.vtx[4853]
2554,main.vtx[4854]
2555,main.vtx[4855]
2556,main.vtx[4856]
2557,main.vtx[4857]
2558,main.vtx[4858]
2559,main.vtx[4859]
2560,main.vtx[4860]
2561,main.vtx[4861]
2562,main.vtx[4862]
2563,main.vtx[4863]
2564,main.vtx[4864]
2565,main.vtx[4865]
2566,main.vtx[4866]
2567,main.vtx[4867]
2568,main.vtx[4868]
2569,main.vtx[4869]
2570,main.vtx[4870]
2571,main.vtx[4871]
2572,main.vtx[4872]
2573,main.vtx[4873]
2574,main.vtx[4874]
2575,main.vtx[4875]
2576,main.vtx[4876]
2577,main.vtx[4877]
2578,main.vtx[4878]
2579,main.vtx[4879]
2580,main.vtx[4880]
2581,main.vtx[4881]
2582,main.vtx[4882]
2583,main.vtx[4883]
2584,main.vtx[4884]
2585,main.vtx[4885]
2586,main.vtx[4886]
2587,main.vtx[4887]
2588,main.vtx[4888]
2589,main.vtx[4889]
2590,main.vtx[4890]
2591,main.vtx[4891]
2592,main.vtx[4892]
2593,main.vtx[4893]
2594,main.vtx[4894]
2595,main.vtx[4895]
2596,main.vtx[4896]
2597,main.vtx[4897]
2598,main.vtx[4898]
2599,main.vtx[4899]
2600,main.vtx[4900]
2601,main.vtx[4901]
2602,main.vtx[4902]
2603,main.vtx[4903]
2604,main.vtx[4904]
2605,main.vtx[4905]
2606,main.vtx[4906]
2607,main.vtx[4907]
2608,main.vtx[4908]
2609,main.vtx[4909]
2610,main.vtx[4910]
2611,main.vtx[4911]
2612,main.vtx[4912]
2613,main.vtx[4913]
2614,main.vtx[4914]
2615,main.vtx[4915]
2616,main.vtx[4916]
2617,main.vtx[4917]
2618,main.vtx[4918]
2619,main.vtx[4919]
2620,main.vtx[4920]
2621,main.vtx[4921]
2622,main.vtx[4922]
2623,main.vtx[4923]
2624,main.vtx[4924]
2625,main.vtx[4925]
2626,main.vtx[4926]
2627,main.vtx[4927]
2628,main.vtx[4928]
2629,main.vtx[4929]
2630,main.vtx[4930]
2631,main.vtx[4931]
2632,main.vtx[4932]
2633,main.vtx[4933]
2634,main.vtx[4934]
2635,main.vtx[4935]
2636,main.vtx[4936]
2637,main.vtx[4937]
2638,main.vtx[4938]
2639,main.vtx[4939]
2640,main.vtx[4940]
2641,main.vtx[4941]
2642,main.vtx[4942]
2643,main.vtx[4943]
2644,main.vtx[4944]
2645,main.vtx[4945]
2646,main.vtx[4946]
2647,main.vtx[4947]
2648,main.vtx[4948]
2649,main.vtx[4949]
2650,main.vtx[4950]
2651,main.vtx[4951]
2652,main.vtx[4952]
2653,main.vtx[4953]
2654,main.vtx[4954]
2655,main.vtx[4955]
2656,main.vtx[4956]
2657,main.vtx[4957]
2658,main.vtx[4958]
2659,main.vtx[4959]
2660,main.vtx[4960]
2661,main.vtx[4961]
2662,main.vtx[4962]
2663,main.vtx[4963]
2664,main.vtx[4964]
2665,main.vtx[4965]
2666,main.vtx[4966]
2667,main.vtx[4967]
2668,main.vtx[4968]
2669,main.vtx[4969]
2670,main.vtx[4970]
2671,main.vtx[4971]
2672,main.vtx[4972]
2673,main.vtx[4973]
2674,main.vtx[4974]
2675,main.vtx[4975]
2676,main.vtx[4976]
2677,main.vtx[4977]
2678,main.vtx[4978]
2679,main.vtx[4979]
2680,main.vtx[4980]
2681,main.vtx[4981]
2682,main.vtx[4982]
2683,main.vtx[4983]
2684,main.vtx[4984]
2685,main.vtx[4985]
2686,main.vtx[4986]
2687,main.vtx[4987]
2688,main.vtx[4988]
2689,main.vtx[4989]
2690,main.vtx[4990]
2691,main.vtx[4991]
2692,main.vtx[4992]
2693,main.vtx[4993]
2694,main.vtx[4994]
2695,main.vtx[4995]
2696,main.vtx[4996]
2697,main.vtx[4997]
2698,main.vtx[4998]
2699,main.vtx[4999]
2700,main.vtx[5000]
2701,main.vtx[5001]
2702,main.vtx[5002]
2703,main.vtx[5003]
2704,main.vtx[5004]
2705,main.vtx[5005]
2706,main.vtx[5006]
2707,main.vtx[5007]
2708,main.vtx[5008]
2709,main.vtx[5009]
2710,main.vtx[5010]
2711,main.vtx[5011]
2712,main.vtx[5012]
2713,main.vtx[5013]
2714,main.vtx[5014]
2715,main.vtx[5015]
2716,main.vtx[5016]
2717,main.vtx[5017]
2718,main.vtx[5018]
2719,main.vtx[5019]
2720,main.vtx[5020]
2721,main.vtx[5021]
2722,main.vtx[5022]
2723,main.vtx[5023]
2724,main.vtx[5024]
2725,main.vtx[5157]
2726,main.vtx[5158]
2727,main.vtx[5159]
2728,main.vtx[5160]
2729,main.vtx[5161]
2730,main.vtx[5162]
2731,main.vtx[5163]
2732,main.vtx[5164]
2733,main.vtx[5165]
2734,main.vtx[5166]
2735,main.vtx[5167]
2736,main.vtx[5168]
2737,main.vtx[5169]
2738,main.vtx[5170]
2739,main.vtx[5171]
2740,main.vtx[5172]
2741,main.vtx[5173]
2742,main.vtx[5174]
2743,main.vtx[5179]
2744,main.vtx[5180]
2745,main.vtx[5181]
2746,main.vtx[5182]
2747,main.vtx[5218]
2748,main.vtx[5219]
2749,main.vtx[5220]
2750,main.vtx[5221]
2751,main.vtx[5222]
2752,main.vtx[5223]
2753,main.vtx[5224]
2754,main.vtx[5225]
2755,main.vtx[5226]
2756,main.vtx[5227]
2757,main.vtx[5228]
2758,main.vtx[5229]
2759,main.vtx[5230]
2760,main.vtx[5231]
2761,main.vtx[5232]
2762,main.vtx[5233]
2763,main.vtx[5234]
2764,main.vtx[5235]
2765,main.vtx[5236]
2766,main.vtx[5237]
2767,main.vtx[5238]
2768,main.vtx[5239]
2769,main.vtx[5240]
2770,main.vtx[5241]
2771,main.vtx[5242]
2772,main.vtx[5243]
2773,main.vtx[5244]
2774,main.vtx[5245]
2775,main.vtx[5246]
2776,main.vtx[5247]
2777,main.vtx[5248]
2778,main.vtx[5249]
2779,main.vtx[5250]
2780,main.vtx[5251]
2781,main.vtx[5252]
2782,main.vtx[5253]
2783,main.vtx[5254]
2784,main.vtx[5255]
2785,main.vtx[5256]
2786,main.vtx[5257]
2787,main.vtx[5258]
2788,main.vtx[5259]
2789,main.vtx[5260]
2790,main.vtx[5261]
2791,main.vtx[5262]
2792,main.vtx[5263]
2793,main.vtx[5264]
2794,main.vtx[5265]
2795,main.vtx[5266]
2796,main.vtx[5267]
2797,main.vtx[5268]
2798,main.vtx[5269]
2799,main.vtx[5270]
2800,main.vtx[5271]
2801,main.vtx[5272]
2802,main.vtx[5273]
2803,main.vtx[5274]
2804,main.vtx[5275]
2805,main.vtx[5276]
2806,main.vtx[5277]
2807,main.vtx[5278]
2808,main.vtx[5279]
2809,main.vtx[5280]
2810,main.vtx[5281]
2811,main.vtx[5282]
2812,main.vtx[5283]
2813,main.vtx[5284]
2814,main.vtx[5285]
2815,main.vtx[5286]
2816,main.vtx[5287]
2817,main.vtx[5288]
2818,main.vtx[5289]
2819,main.vtx[5290]
2820,main.vtx[5291]
2821,main.vtx[5292]
2822,main.vtx[5293]
2823,main.vtx[5294]
2824,main.vtx[5808]
2825,main.vtx[5809]
2826,main.vtx[5844]
2827,main.vtx[5845]
2828,main.vtx[5846]
2829,main.vtx[5847]
2830,main.vtx[5848]
2831,main.vtx[5849]
2832,main.vtx[5850]
2833,main.vtx[5851]
2834,main.vtx[5852]
2835,main.vtx[5853]
2836,main.vtx[5854]
2837,main.vtx[5855]
2838,main.vtx[5856]
2839,main.vtx[5857]
2840,main.vtx[5858]
2841,main.vtx[5859]
2842,main.vtx[5860]
2843,main.vtx[5861]
2844,main.vtx[5862]
2845,main.vtx[5863]
2846,main.vtx[5864]
2847,main.vtx[5865]
2848,main.vtx[5866]
2849,main.vtx[5867]
2850,main.vtx[5868]
2851,main.vtx[5869]
2852,main.vtx[5870]
2853,main.vtx[5871]
2854,main.vtx[5872]
2855,main.vtx[5873]
2856,main.vtx[5874]
2857,main.vtx[5875]
2858,main.vtx[5876]
2859,main.vtx[5877]
2860,main.vtx[5878]
2861,main.vtx[5879]
2862,main.vtx[5880]
2863,main.vtx[5881]
2864,main.vtx[5882]
2865,main.vtx[5883]
2866,main.vtx[5884]
2867,main.vtx[5885]
2868,main.vtx[5917]
2869,main.vtx[5918]
2870,main.vtx[5919]
2871,main.vtx[5920]
2872,main.vtx[5921]
2873,main.vtx[5922]
2874,main.vtx[5923]
2875,main.vtx[5924]
2876,main.vtx[5925]
2877,main.vtx[5926]
2878,main.vtx[5927]
2879,main.vtx[5928]
2880,main.vtx[5929]
2881,main.vtx[5930]
2882,main.vtx[5931]
2883,main.vtx[5932]
2884,main.vtx[5933]
2885,main.vtx[5934]
2886,main.vtx[5935]
2887,main.vtx[5936]
2888,main.vtx[5937]
2889,main.vtx[5938]
2890,main.vtx[5939]
2891,main.vtx[5940]
2892,main.vtx[5941]
2893,main.vtx[5942]
2894,main.vtx[5943]
2895,main.vtx[5944]
2896,main.vtx[5945]
2897,main.vtx[5946]
2898,main.vtx[5947]
2899,main.vtx[5948]
2900,main.vtx[5949]
2901,main.vtx[5950]
2902,main.vtx[5951]
2903,main.vtx[5952]
2904,main.vtx[5953]
2905,main.vtx[5954]
2906,main.vtx[5955]
2907,main.vtx[5956]
2908,main.vtx[5957]
2909,main.vtx[5958]
2910,main.vtx[5959]
2911,main.vtx[5960]
2912,main.vtx[5961]
2913,main.vtx[5962]
2914,main.vtx[5963]
2915,main.vtx[5964]
2916,main.vtx[5965]
2917,main.vtx[5966]
2918,main.vtx[5967]
2919,main.vtx[5968]
2920,main.vtx[5969]
2921,main.vtx[5970]
2922,main.vtx[5971]
2923,main.vtx[5972]
2924,main.vtx[5973]
2925,main.vtx[5974]
2926,main.vtx[5975]
2927,main.vtx[5976]
2928,main.vtx[5977]
2929,main.vtx[5978]
2930,main.vtx[5979]
2931,main.vtx[5980]
2932,main.vtx[5981]
2933,main.vtx[5982]
2934,main.vtx[5983]
2935,main.vtx[5984]
2936,main.vtx[5985]
2937,main.vtx[5986]
2938,main.vtx[5987]
2939,main.vtx[5988]
2940,main.vtx[5989]
2941,main.vtx[5990]
2942,main.vtx[5991]
2943,main.vtx[5992]
2944,main.vtx[5993]
2945,main.vtx[5994]
2946,main.vtx[5995]
2947,main.vtx[5996]
2948,main.vtx[5997]
2949,main.vtx[5998]
2950,main.vtx[5999]
2951,main.vtx[6000]
2952,main.vtx[6001]
2953,main.vtx[6002]
2954,main.vtx[6003]
2955,main.vtx[6004]
2956,main.vtx[6005]
2957,main.vtx[6006]
2958,main.vtx[6007]
2959,main.vtx[6008]
2960,main.vtx[6009]
2961,main.vtx[6010]
2962,main.vtx[6011]
2963,main.vtx[6012]
2964,main.vtx[6013]
2965,main.vtx[6014]
2966,main.vtx[6015]
2967,main.vtx[6016]
2968,main.vtx[6017]
2969,main.vtx[6018]
2970,main.vtx[6019]
2971,main.vtx[6020]
2972,main.vtx[6021]
2973,main.vtx[6022]
2974,main.vtx[6023]
2975,main.vtx[6024]
2976,main.vtx[6025]
2977,main.vtx[6026]
2978,main.vtx[6027]
2979,main.vtx[6028]
2980,main.vtx[6029]
2981,main.vtx[6030]
2982,main.vtx[6031]
2983,main.vtx[6032]
2984,main.vtx[6033]
2985,main.vtx[6034]
2986,main.vtx[6035]
2987,main.vtx[6036]
2988,main.vtx[6037]
2989,main.vtx[6038]
2990,main.vtx[6039]
2991,main.vtx[6040]
2992,main.vtx[6041]
2993,main.vtx[6042]
2994,main.vtx[6043]
2995,main.vtx[6044]
2996,main.vtx[6045]
2997,main.vtx[6046]
2998,main.vtx[6047]
2999,main.vtx[6048]
3000,main.vtx[6049]
3001,main.vtx[6050]
3002,main.vtx[6051]
3003,main.vtx[6052]
3004,main.vtx[6053]
3005,main.vtx[6054]
3006,main.vtx[6055]
3007,main.vtx[6056]
3008,main.vtx[6057]
3009,main.vtx[6058]
3010,main.vtx[6059]
3011,main.vtx[6060]
3012,main.vtx[6061]
3013,main.vtx[6062]
3014,main.vtx[6063]
3015,main.vtx[6064]
3016,main.vtx[6065]
3017,main.vtx[6066]
3018,main.vtx[6067]
3019,main.vtx[6068]
3020,main.vtx[6069]
3021,main.vtx[6070]
3022,main.vtx[6071]
3023,main.vtx[6072]
3024,main.vtx[6073]
3025,main.vtx[6074]
3026,main.vtx[6075]
3027,main.vtx[6076]
3028,main.vtx[6077]
3029,main.vtx[6078]
3030,main.vtx[6079]
3031,main.vtx[6080]
3032,main.vtx[6081]
3033,main.vtx[6082]
3034,main.vtx[6083]
3035,main.vtx[6084]
3036,main.vtx[6085]
3037,main.vtx[6086]
3038,main.vtx[6087]
3039,main.vtx[6088]
3040,main.vtx[6089]
3041,main.vtx[6090]
3042,main.vtx[6091]
3043,main.vtx[6092]
3044,main.vtx[6093]
3045,main.vtx[6094]
3046,main.vtx[6095]
3047,main.vtx[6096]
3048,main.vtx[6097]
3049,main.vtx[6098]
3050,main.vtx[6099]
3051,main.vtx[6100]
3052,main.vtx[6101]
3053,main.vtx[6102]
3054,main.vtx[6103]
3055,main.vtx[6104]
3056,main.vtx[6105]
3057,main.vtx[6106]
3058,main.vtx[6107]
3059,main.vtx[6108]
3060,main.vtx[6109]
3061,main.vtx[6110]
3062,main.vtx[6111]
3063,main.vtx[6112]
3064,main.vtx[6113]
3065,main.vtx[6114]
3066,main.vtx[6115]
3067,main.vtx[6116]
3068,main.vtx[6117]
3069,main.vtx[6118]
3070,main.vtx[6119]
3071,main.vtx[6120]
3072,main.vtx[6121]
3073,main.vtx[6122]
3074,main.vtx[6123]
3075,main.vtx[6124]
3076,main.vtx[6125]
3077,main.vtx[6126]
3078,main.vtx[6127]
3079,main.vtx[6128]
3080,main.vtx[6129]
3081,main.vtx[6130]
3082,main.vtx[6131]
3083,main.vtx[6132]
3084,main.vtx[6133]
3085,main.vtx[6134]
3086,main.vtx[6135]
3087,main.vtx[6136]
3088,main.vtx[6137]
3089,main.vtx[6138]
3090,main.vtx[6139]
3091,main.vtx[6140]
3092,main.vtx[6141]
3093,main.vtx[6142]
3094,main.vtx[6143]
3095,main.vtx[6144]
3096,main.vtx[6145]
3097,main.vtx[6146]
3098,main.vtx[6147]
3099,main.vtx[6148]
3100,main.vtx[6149]
3101,main.vtx[6150]
3102,main.vtx[6151]
3103,main.vtx[6152]
3104,main.vtx[6153]
3105,main.vtx[6154]
3106,main.vtx[6155]
3107,main.vtx[6156]
3108,main.vtx[6157]
3109,main.vtx[6158]
3110,main.vtx[6159]
3111,main.vtx[6160]
3112,main.vtx[6161]
3113,main.vtx[6162]
3114,main.vtx[6163]
3115,main.vtx[6164]
3116,main.vtx[6165]
3117,main.vtx[6166]
3118,main.vtx[6167]
3119,main.vtx[6168]
3120,main.vtx[6169]
3121,main.vtx[6170]
3122,main.vtx[6171]
3123,main.vtx[6172]
3124,main.vtx[6173]
3125,main.vtx[6174]
3126,main.vtx[6175]
3127,main.vtx[6176]
3128,main.vtx[6177]
3129,main.vtx[6178]
3130,main.vtx[6179]
3131,main.vtx[6180]
3132,main.vtx[6181]
3133,main.vtx[6182]
3134,main.vtx[6183]
3135,main.vtx[6184]
3136,main.vtx[6185]
3137,main.vtx[6186]
3138,main.vtx[6187]
3139,main.vtx[6188]
3140,main.vtx[6189]
3141,main.vtx[6190]
3142,main.vtx[6191]
3143,main.vtx[6192]
3144,main.vtx[6193]
3145,main.vtx[6194]
3146,main.vtx[6195]
3147,main.vtx[6196]
3148,main.vtx[6197]
3149,main.vtx[6198]
3150,main.vtx[6199]
3151,main.vtx[6200]
3152,main.vtx[6201]
3153,main.vtx[6202]
3154,main.vtx[6203]
3155,main.vtx[6204]
3156,main.vtx[6205]
3157,main.vtx[6206]
3158,main.vtx[6207]
3159,main.vtx[6208]
3160,main.vtx[6209]
3161,main.vtx[6210]
3162,main.vtx[6211]
3163,main.vtx[6212]
3164,main.vtx[6213]
3165,main.vtx[6214]
3166,main.vtx[6215]
3167,main.vtx[6216]
3168,main.vtx[6217]
3169,main.vtx[6218]
3170,main.vtx[6219]
3171,main.vtx[6220]
3172,main.vtx[6221]
3173,main.vtx[6222]
3174,main.vtx[6223]
3175,main.vtx[6224]
3176,main.vtx[6225]
3177,main.vtx[6226]
3178,main.vtx[6227]
3179,main.vtx[6228]
3180,main.vtx[6229]
3181,main.vtx[6230]
3182,main.vtx[6231]
3183,main.vtx[6232]
3184,main.vtx[6233]
3185,main.vtx[6234]
3186,main.vtx[6235]
3187,main.vtx[6236]
3188,main.vtx[6237]
3189,main.vtx[6238]
3190,main.vtx[6239]
3191,main.vtx[6240]
3192,main.vtx[6241]
3193,main.vtx[6242]
3194,main.vtx[6243]
3195,main.vtx[6244]
3196,main.vtx[6245]
3197,main.vtx[6246]
3198,main.vtx[6247]
3199,main.vtx[6248]
3200,main.vtx[6249]
3201,main.vtx[6250]
3202,main.vtx[6251]
3203,main.vtx[6252]
3204,main.vtx[6253]
3205,main.vtx[6254]
3206,main.vtx[6255]
3207,main.vtx[6256]
3208,main.vtx[6257]
3209,main.vtx[6258]
3210,main.vtx[6259]
3211,main.vtx[6260]
3212,main.vtx[6261]
3213,main.vtx[6262]
3214,main.vtx[6263]
3215,main.vtx[6264]
3216,main.vtx[6265]
3217,main.vtx[6266]
3218,main.vtx[6267]
3219,main.vtx[6268]
3220,main.vtx[6269]
3221,main.vtx[6270]
3222,main.vtx[6271]
3223,main.vtx[6272]
3224,main.vtx[6273]
3225,main.vtx[6274]
3226,main.vtx[6275]
3227,main.vtx[6276]
3228,main.vtx[6277]
3229,main.vtx[6278]
3230,main.vtx[6279]
3231,main.vtx[6280]
3232,main.vtx[6281]
3233,main.vtx[6282]
3234,main.vtx[6283]
3235,main.vtx[6284]
3236,main.vtx[6285]
3237,main.vtx[6286]
3238,main.vtx[6287]
3239,main.vtx[6288]
3240,main.vtx[6289]
3241,main.vtx[6290]
3242,main.vtx[6291]
3243,main.vtx[6292]
3244,main.vtx[6293]
3245,main.vtx[6294]
3246,main.vtx[6295]
3247,main.vtx[6296]
3248,main.vtx[6297]
3249,main.vtx[6298]
3250,main.vtx[6299]
3251,main.vtx[6300]
3252,main.vtx[6301]
3253,main.vtx[6302]
3254,main.vtx[6303]
3255,main.vtx[6304]
3256,main.vtx[6305]
3257,main.vtx[6306]
3258,main.vtx[6307]
3259,main.vtx[6308]
3260,main.vtx[6309]
3261,main.vtx[6310]
3262,main.vtx[6311]
3263,main.vtx[6312]
3264,main.vtx[6313]
3265,main.vtx[6314]
3266,main.vtx[6315]
3267,main.vtx[6316]
3268,main.vtx[6317]
3269,main.vtx[6318]
3270,main.vtx[6319]
3271,main.vtx[6320]
3272,main.vtx[6321]
3273,main.vtx[6322]
3274,main.vtx[6323]
3275,main.vtx[6324]
3276,main.vtx[6325]
3277,main.vtx[6326]
3278,main.vtx[6327]
3279,main.vtx[6328]
3280,main.vtx[6329]
3281,main.vtx[6330]
3282,main.vtx[6331]
3283,main.vtx[6332]
3284,main.vtx[6333]
3285,main.vtx[6334]
3286,main.vtx[6335]
3287,main.vtx[6336]
3288,main.vtx[6337]
3289,main.vtx[6338]
3290,main.vtx[6339]
3291,main.vtx[6340]
3292,main.vtx[6341]
3293,main.vtx[6342]
3294,main.vtx[6343]
3295,main.vtx[6344]
3296,main.vtx[6345]
3297,main.vtx[6346]
3298,main.vtx[6347]
3299,main.vtx[6348]
3300,main.vtx[6349]
3301,main.vtx[6350]
3302,main.vtx[6351]
3303,main.vtx[6352]
3304,main.vtx[6353]
3305,main.vtx[6354]
3306,main.vtx[6355]
3307,main.vtx[6356]
3308,main.vtx[6357]
3309,main.vtx[6358]
3310,main.vtx[6359]
3311,main.vtx[6360]
3312,main.vtx[6361]
3313,main.vtx[6362]
3314,main.vtx[6363]
3315,main.vtx[6364]
3316,main.vtx[6365]
3317,main.vtx[6366]
3318,main.vtx[6367]
3319,main.vtx[6368]
3320,main.vtx[6369]
3321,main.vtx[6370]
3322,main.vtx[6371]
3323,main.vtx[6372]
3324,main.vtx[6373]
3325,main.vtx[6374]
3326,main.vtx[6375]
3327,main.vtx[6376]
3328,main.vtx[6377]
3329,main.vtx[6378]
3330,main.vtx[6379]
3331,main.vtx[6380]
3332,main.vtx[6381]
3333,main.vtx[6382]
3334,main.vtx[6383]
3335,main.vtx[6384]
3336,main.vtx[6385]
3337,main.vtx[6386]
3338,main.vtx[6387]
3339,main.vtx[6388]
3340,main.vtx[6389]
3341,main.vtx[6390]
3342,main.vtx[6391]
3343,main.vtx[6392]
3344,main.vtx[6393]
3345,main.vtx[6394]
3346,main.vtx[6395]
3347,main.vtx[6396]
3348,main.vtx[6397]
3349,main.vtx[6398]
3350,main.vtx[6399]
3351,main.vtx[6400]
3352,main.vtx[6401]
3353,main.vtx[6402]
3354,main.vtx[6403]
3355,main.vtx[6404]
3356,main.vtx[6405]
3357,main.vtx[6406]
3358,main.vtx[6407]
3359,main.vtx[6408]
3360,main.vtx[6409]
3361,main.vtx[6410]
3362,main.vtx[6411]
3363,main.vtx[6412]
3364,main.vtx[6413]
3365,main.vtx[6414]
3366,main.vtx[6415]
3367,main.vtx[6416]
3368,main.vtx[6417]
3369,main.vtx[6418]
3370,main.vtx[6419]
3371,main.vtx[6420]
3372,main.vtx[6421]
3373,main.vtx[6422]
3374,main.vtx[6423]
3375,main.vtx[6424]
3376,main.vtx[6425]
3377,main.vtx[6426]
3378,main.vtx[6427]
3379,main.vtx[6428]
3380,main.vtx[6429]
3381,main.vtx[6430]
3382,main.vtx[6431]
3383,main.vtx[6432]
3384,main.vtx[6433]
3385,main.vtx[6434]
3386,main.vtx[6435]
3387,main.vtx[6436]
3388,main.vtx[6437]
3389,main.vtx[6438]
3390,main.vtx[6439]
3391,main.vtx[6440]
3392,main.vtx[6441]
3393,main.vtx[6442]
3394,main.vtx[6443]
3395,main.vtx[6444]
3396,main.vtx[6445]
3397,main.vtx[6446]
3398,main.vtx[6447]
3399,main.vtx[6448]
3400,main.vtx[6449]
3401,main.vtx[6450]
3402,main.vtx[6451]
3403,main.vtx[6452]
3404,main.vtx[6453]
3405,main.vtx[6454]
3406,main.vtx[6455]
3407,main.vtx[6456]
3408,main.vtx[6457]
3409,main.vtx[6458]
3410,main.vtx[6459]
3411,main.vtx[6460]
3412,main.vtx[6461]
3413,main.vtx[6462]
3414,main.vtx[6463]
3415,main.vtx[6464]
3416,main.vtx[6465]
3417,main.vtx[6466]
3418,main.vtx[6467]
3419,main.vtx[6468]
3420,main.vtx[6469]
3421,main.vtx[6470]
3422,main.vtx[6471]
3423,main.vtx[6472]
3424,main.vtx[6473]
3425,main.vtx[6474]
3426,main.vtx[6475]
3427,main.vtx[6476]
3428,main.vtx[6477]
3429,main.vtx[6478]
3430,main.vtx[6479]
3431,main.vtx[6480]
3432,main.vtx[6481]
3433,main.vtx[6482]
3434,main.vtx[6483]
3435,main.vtx[6484]
3436,main.vtx[6485]
3437,main.vtx[6486]
3438,main.vtx[6487]
3439,main.vtx[6488]
3440,main.vtx[6489]
3441,main.vtx[6490]
3442,main.vtx[6491]
3443,main.vtx[6492]
3444,main.vtx[6493]
3445,main.vtx[6494]
3446,main.vtx[6495]
3447,main.vtx[6496]
3448,main.vtx[6497]
3449,main.vtx[6498]
3450,main.vtx[6499]
3451,main.vtx[6500]
3452,main.vtx[6501]
3453,main.vtx[6502]
3454,main.vtx[6503]
3455,main.vtx[6504]
3456,main.vtx[6505]
3457,main.vtx[6506]
3458,main.vtx[6507]
3459,main.vtx[6508]
3460,main.vtx[6509]
3461,main.vtx[6510]
3462,main.vtx[6511]
3463,main.vtx[6512]
3464,main.vtx[6513]
3465,main.vtx[6514]
3466,main.vtx[6515]
3467,main.vtx[6516]
3468,main.vtx[6517]
3469,main.vtx[6518]
3470,main.vtx[6519]
3471,main.vtx[6520]
3472,main.vtx[6521]
3473,main.vtx[6522]
3474,main.vtx[6523]
3475,main.vtx[6524]
3476,main.vtx[6525]
3477,main.vtx[6526]
3478,main.vtx[6527]
3479,main.vtx[6528]
3480,main.vtx[6529]
3481,main.vtx[6530]
3482,main.vtx[6531]
3483,main.vtx[6532]
3484,main.vtx[6533]
3485,main.vtx[6534]
3486,main.vtx[6535]
3487,main.vtx[6536]
3488,main.vtx[6537]
3489,main.vtx[6538]
3490,main.vtx[6539]
3491,main.vtx[6540]
3492,main.vtx[6541]
3493,main.vtx[6542]
3494,main.vtx[6543]
3495,main.vtx[6544]
3496,main.vtx[6545]
3497,main.vtx[6546]
3498,main.vtx[6547]
3499,main.vtx[6548]
3500,main.vtx[6549]
3501,main.vtx[6550]
3502,main.vtx[6551]
3503,main.vtx[6552]
3504,main.vtx[6553]
3505,main.vtx[6554]
3506,main.vtx[6555]
3507,main.vtx[6556]
3508,main.vtx[6557]
3509,main.vtx[6558]
3510,main.vtx[6559]
3511,main.vtx[6560]
3512,main.vtx[6561]
3513,main.vtx[6562]
3514,main.vtx[6563]
3515,main.vtx[6564]
3516,main.vtx[6565]
3517,main.vtx[6566]
3518,main.vtx[6567]
3519,main.vtx[6568]
3520,main.vtx[6569]
3521,main.vtx[6570]
3522,main.vtx[6571]
3523,main.vtx[6572]
3524,main.vtx[6573]
3525,main.vtx[6574]
3526,main.vtx[6575]
3527,main.vtx[6576]
3528,main.vtx[6577]
3529,main.vtx[6578]
3530,main.vtx[6579]
3531,main.vtx[6580]
3532,main.vtx[6581]
3533,main.vtx[6582]
3534,main.vtx[6583]
3535,main.vtx[6584]
3536,main.vtx[6585]
3537,main.vtx[6586]
3538,main.vtx[6587]
3539,main.vtx[6588]
3540,main.vtx[6589]
3541,main.vtx[6590]
3542,main.vtx[6591]
3543,main.vtx[6592]
3544,main.vtx[6593]
3545,main.vtx[6594]
3546,main.vtx[6595]
3547,main.vtx[6596]
3548,main.vtx[6597]
3549,main.vtx[6598]
3550,main.vtx[6599]
3551,main.vtx[6600]
3552,main.vtx[6601]
3553,main.vtx[6602]
3554,main.vtx[6603]
3555,main.vtx[6604]
3556,main.vtx[6605]
3557,main.vtx[6606]
3558,main.vtx[6607]
3559,main.vtx[6608]
3560,main.vtx[6609]
3561,main.vtx[6610]
3562,main.vtx[6611]
3563,main.vtx[6612]
3564,main.vtx[6613]
3565,main.vtx[6614]
3566,main.vtx[6615]
3567,main.vtx[6616]
3568,main.vtx[6617]
3569,main.vtx[6618]
3570,main.vtx[6619]
3571,main.vtx[6620]
3572,main.vtx[6621]
3573,main.vtx[6622]
3574,main.vtx[6623]
3575,main.vtx[6624]
3576,main.vtx[6625]
3577,main.vtx[6626]
3578,main.vtx[6627]
3579,main.vtx[6628]
3580,main.vtx[6629]
3581,main.vtx[6630]
3582,main.vtx[6631]
3583,main.vtx[6632]
3584,main.vtx[6633]
3585,main.vtx[6634]
3586,main.vtx[6635]
3587,main.vtx[6636]
3588,main.vtx[6637]
3589,main.vtx[6638]
3590,main.vtx[6639]
3591,main.vtx[6640]
3592,main.vtx[6641]
3593,main.vtx[6642]
3594,main.vtx[6643]
3595,main.vtx[6644]
3596,main.vtx[6645]
3597,main.vtx[6646]
3598,main.vtx[6647]
3599,main.vtx[6648]
3600,main.vtx[6649]
3601,main.vtx[6650]
3602,main.vtx[6651]
3603,main.vtx[6652]
3604,main.vtx[6653]
3605,main.vtx[6654]
3606,main.vtx[6655]
3607,main.vtx[6656]
3608,main.vtx[6657]
3609,main.vtx[6658]
3610,main.vtx[6659]
3611,main.vtx[6660]
3612,main.vtx[6661]
3613,main.vtx[6662]
3614,main.vtx[6663]
3615,main.vtx[6664]
3616,main.vtx[6665]
3617,main.vtx[6666]
3618,main.vtx[6667]
3619,main.vtx[6668]
3620,main.vtx[6669]
3621,main.vtx[6670]
3622,main.vtx[6671]
3623,main.vtx[6672]
3624,main.vtx[6673]
3625,main.vtx[6674]
3626,main.vtx[6675]
3627,main.vtx[6676]
3628,main.vtx[6677]
3629,main.vtx[6678]
3630,main.vtx[6679]
3631,main.vtx[6680]
3632,main.vtx[6681]
3633,main.vtx[6682]
3634,main.vtx[6683]
3635,main.vtx[6684]
3636,main.vtx[6685]
3637,main.vtx[6686]
3638,main.vtx[6687]
3639,main.vtx[6688]
3640,main.vtx[6689]
3641,main.vtx[6690]
3642,main.vtx[6691]
3643,main.vtx[6692]
3644,main.vtx[6693]
3645,main.vtx[6694]
3646,main.vtx[6695]
3647,main.vtx[6696]
3648,main.vtx[6697]
3649,main.vtx[6698]
3650,main.vtx[6699]
3651,main.vtx[6700]
3652,main.vtx[6701]
3653,main.vtx[6702]
3654,main.vtx[6703]
3655,main.vtx[6704]
3656,main.vtx[6705]
3657,main.vtx[6706]
3658,main.vtx[6707]
3659,main.vtx[6708]
3660,main.vtx[6709]
3661,main.vtx[6710]
3662,main.vtx[6711]
3663,main.vtx[6712]
3664,main.vtx[6713]
3665,main.vtx[6714]
3666,main.vtx[6715]
3667,main.vtx[6716]
3668,main.vtx[6717]
3669,main.vtx[6718]
3670,main.vtx[6719]
3671,main.vtx[6720]
3672,main.vtx[6721]
3673,main.vtx[6722]
3674,main.vtx[6723]
3675,main.vtx[6724]
3676,main.vtx[6725]
3677,main.vtx[6726]
3678,main.vtx[6727]
3679,main.vtx[6728]
3680,main.vtx[6729]
3681,main.vtx[6730]
3682,main.vtx[6731]
3683,main.vtx[6732]
3684,main.vtx[6733]
3685,main.vtx[6734]
3686,main.vtx[6735]
3687,main.vtx[6736]
3688,main.vtx[6737]
3689,main.vtx[6738]
3690,main.vtx[6739]
3691,main.vtx[6740]
3692,main.vtx[6741]
3693,main.vtx[6742]
3694,main.vtx[6743]
3695,main.vtx[6744]
3696,main.vtx[6745]
3697,main.vtx[6746]
3698,main.vtx[6747]
3699,main.vtx[6748]
3700,main.vtx[6749]
3701,main.vtx[6750]
3702,main.vtx[6751]
3703,main.vtx[6752]
3704,main.vtx[6753]
3705,main.vtx[6754]
3706,main.vtx[6755]
3707,main.vtx[6756]
3708,main.vtx[6757]
3709,main.vtx[6758]
3710,main.vtx[6759]
3711,main.vtx[6760]
3712,main.vtx[6761]
3713,main.vtx[6762]
3714,main.vtx[6763]
3715,main.vtx[6764]
3716,main.vtx[6765]
3717,main.vtx[6766]
3718,main.vtx[6767]
3719,main.vtx[6768]
3720,main.vtx[6769]
3721,main.vtx[6770]
3722,main.vtx[6771]
3723,main.vtx[6772]
3724,main.vtx[6773]
3725,main.vtx[6774]
3726,main.vtx[6775]
3727,main.vtx[6776]
3728,main.vtx[6777]
3729,main.vtx[6778]
3730,main.vtx[6779]
3731,main.vtx[6780]
3732,main.vtx[6781]
3733,main.vtx[6782]
3734,main.vtx[6783]
3735,main.vtx[6784]
3736,main.vtx[6785]
3737,main.vtx[6786]
3738,main.vtx[6787]
3739,main.vtx[6788]
3740,main.vtx[6789]
3741,main.vtx[6790]
3742,main.vtx[6791]
3743,main.vtx[6792]
3744,main.vtx[6793]
3745,main.vtx[6794]
3746,main.vtx[6795]
3747,main.vtx[6796]
3748,main.vtx[6797]
3749,main.vtx[6798]
3750,main.vtx[6799]
3751,main.vtx[6800]
3752,main.vtx[6801]
3753,main.vtx[6802]
3754,main.vtx[6803]
3755,main.vtx[6804]
3756,main.vtx[6805]
3757,main.vtx[6806]
3758,main.vtx[6807]
3759,main.vtx[6808]
3760,main.vtx[6809]
3761,main.vtx[6810]
3762,main.vtx[6811]
3763,main.vtx[6812]
3764,main.vtx[6813]
3765,main.vtx[6814]
3766,main.vtx[6815]
3767,main.vtx[6816]
3768,main.vtx[6817]
3769,main.vtx[6818]
3770,main.vtx[6819]
3771,main.vtx[6820]
3772,main.vtx[6821]
3773,main.vtx[6822]
3774,main.vtx[6823]
3775,main.vtx[6824]
3776,main.vtx[6825]
3777,main.vtx[6826]
3778,main.vtx[6827]
3779,main.vtx[6828]
3780,main.vtx[6829]
3781,main.vtx[6830]
3782,main.vtx[6831]
3783,main.vtx[6832]
3784,main.vtx[6833]
3785,main.vtx[6834]
3786,main.vtx[6835]
3787,main.vtx[6836]
3788,main.vtx[6837]
3789,main.vtx[6838]
3790,main.vtx[6839]
3791,main.vtx[6840]
3792,main.vtx[6841]
3793,main.vtx[6842]
3794,main.vtx[6843]
3795,main.vtx[6844]
3796,main.vtx[6845]
3797,main.vtx[6846]
3798,main.vtx[6847]
3799,main.vtx[6848]
3800,main.vtx[6849]
3801,main.vtx[6850]
3802,main.vtx[6851]
3803,main.vtx[6852]
3804,main.vtx[6853]
3805,main.vtx[6854]
3806,main.vtx[6855]
3807,main.vtx[6856]
3808,main.vtx[6857]
3809,main.vtx[6858]
3810,main.vtx[6859]
3811,main.vtx[6860]
3812,main.vtx[6861]
3813,main.vtx[6862]
3814,main.vtx[6863]
3815,main.vtx[6864]
3816,main.vtx[6865]
3817,main.vtx[6866]
